"7509841216234","A Love Electric","Son Of A Hero","ACTIVO"
"7509841215756","A Love Electric","The Naked Beat","ACTIVO"
"7509841214582","Aarón Cruz Trío","Eco","ACTIVO"
"7509841274159","Acuamono","Eboluyon Beibi","DIGITAL"
"7509841271646","Adreann","Quiero Bailar-Single","DIGITAL"
"7509841271806","Adreann","1Ero","DIGITAL"
"7509841315586","Adreann","1Ero","ACTIVO"
"7509841271370","Adrián Givaudan","Sin Tí, Conmigo","DIGITAL"
"7509841216876","Adrián Nieto","Al Son de una Guitarra","ACTIVO"
"7509841216876","Adrián Oropeza, Manuel Rocheman & Agustin Bernal","Amaneceres","ACTIVO"
"7509841213905","Adriana Landeros","Mi Novia la Tristeza","ACTIVO"
"7509841212496","Adriana Landeros","Coincidir","ACTIVO"
"7509841212717","Adriana Landeros & Carlos Diaz Caito","El Aute de Amar","ACTIVO"
"7509841212793","Adriana Landeros & Carlos Diaz Caito","Ay Amor","ACTIVO"
"7502238602245","Alberto Escobar","De Corazón a Corazón","DIGITAL"
"7503002788141","Alberto Escobar","Coincidir","DIGITAL"
"7503002788318","Alberto Escobar","Ciudadano del Mundo","DIGITAL"
"7509841317375","Alberto Medina / Eddie Gómez / Pablo Prieto","Triology","ACTIVO"
"7509841916981","Alberto Plaza","30 Años (2CDs+DVD)","ACTIVO"
"7502230680012","Alejandra Robles","La Sirena","ACTIVO"
"7509841440950","Alejandra Robles","La Morena","ACTIVO"
"7509841216593","Alejandra Robles","La Malagueña","ACTIVO"
"7509841272117","Alejandro Escuer","Flying","DIGITAL"
"7509841210843","Alejandro Filio","Hay Luz Debajo","ACTIVO"
"7509841314640","Alejandro Santiago","Recuento","ACTIVO"
"7509841216760","Alejandro Santiago","Brújula","DIGITAL"
"7509841214254","Alejandro Santiago","Quinto Elemento","ACTIVO"
"7509841212977","Alejandro Santiago","Realidad Virtual","ACTIVO"
"7509841211864","Alejandro Santiago","A Tu Voluntad","ACTIVO"
"7509841212274","Alejandro Santiago","Nómada","ACTIVO"
"7509841212014","Alejandro Santiago","En Pie de Guerra","ACTIVO"
"7509841316941","Alex Mercado","Refraction","ACTIVO"
"7509841271578","Alex Sirvent","Abismo de Pasión - Música Original de La Novela","DIGITAL"
"7509841270205","Alfiler XL","Quítale el Himen a Tus Oídos","DIGITAL"
"7509841272360","Alfonso André & ONIX","El Jinete - Single","DIGITAL"
"7509841830287","Alfredo Zitarrosa","Guitarra Negra","ACTIVO"
"7509841830331","Alfredo Zitarrosa","Milonga de Ojos Dorados","ACTIVO"
"7509841830799","Alfredo Zitarrosa","Melodía Larga","ACTIVO"
"7509841830867","Alfredo Zitarrosa","En Homenaje","ACTIVO"
"7509841270878","Altanera","Altanera","DIGITAL"
"7509841273886","Altanera","Quédate (El último Capítulo) - Single","DIGITAL"
"7509841271905","Alu","En La Eternidad","DIGITAL"
"7509841213813","Alvaro Abitia","Astronauta","DIGITAL"
"7509841440622","Alvaro Abitia","Canciones para Oir en Bicicleta","DIGITAL"
"7509841273473","Amanda Martinez","Mañana","DIGITAL"
"7509841273572","Amanda Martinez","Under African Skies - Single","DIGITAL"
"7509841217019","Amanda Tovalin","Punto de Partida","ACTIVO"
"7509841315500","Amaral","Hacia Lo Salvaje","ACTIVO"
"7509841830249","Amaury Pérez","Acuérdate de Abril","ACTIVO"
"7509841830379","Amaury Pérez","José Martí y Sus Inérpretes  ","ACTIVO"
"7509841830423","Amaury Pérez","No Lo Van a Impedir","DIGITAL"
"7509841830737","Amaury Pérez","Abecedario","ACTIVO"
"7509841830959","Amaury Pérez","Estaciones de Vidrio","ACTIVO"
"7509841830928","Amaury Pérez","Mitades","DIGITAL"
"7509841830935","Amaury Pérez","De Vuelta","DIGITAL"
"7509841830942","Amaury Pérez","Confesiones","DIGITAL"
"7509841210539","Amparo Ochoa","Cancionero Popular, Vol. 1","ACTIVO"
"7509841210249","Amparo Ochoa","Cancionero Popular, Vol. 2","ACTIVO"
"7509841210485","Amparo Ochoa","Canta con Los Niños","ACTIVO"
"7509841210539","Amparo Ochoa","Mujer","ACTIVO"
"7509841210621","Amparo Ochoa","Vamos Juntos","ACTIVO"
"7509841210706","Amparo Ochoa","Cancionero Popular, Vol. 3","ACTIVO"
"7509841211000","Amparo Ochoa","Cancionero Popular Mexicano","ACTIVO"
"7509841440189","Amparo Ochoa","Por Siempre - Lo Mejor de Amparo Ochoa (Remastered)","ACTIVO"
"7509841273589","Ampersan","Flor de Biznaga","DIGITAL"
"7509841217057","Anabantha","XV Aniversario - El Concierto Predilecto (En Vivo)","DIGITAL"
"7509841217064","Anabantha","XVI Aniversario - Un Concierto Exquisito (En Vivo)","DIGITAL"
"7509841440639","Andrea Alvarez","Doble A","ACTIVO"
"7509841317368","Andrea Básef","Acércate Más","ACTIVO"
"7509841211888","Angel Cervantes","Lo Inédito de Chava Flores, Vol. 2","DIGITAL"
"7509841211871","Angel Cervantes","Lo Inédito de Chava Flores, Vol. I","ACTIVO"
"7509841211901","Angel Cervantes & Rubén Schwartzman","La Amistad Hecha Canto Vol. II - Saudade","DIGITAL"
"7509841273442","Angels","Mi Vida Sin Ti - Single","DIGITAL"
"7509841270892","Ari Brickman","Canciones para la Pantalla - EP","DIGITAL"
"7509841317191","Ari Brickman","Navegando El Infinito","DIGITAL"
"7509841215169","Ari Brickman","Escapar","ACTIVO"
"7509841214100","Ari Brickman","Todo Este Querer","ACTIVO"
"7509841270564","Arie di Mortte","Rinascere","DIGITAL"
"7509841216302","Armando Vega-Gil","Armando Vega-Gil y Su Ukulele Loco","ACTIVO"
"7509841273251","Arturo Peniche","Infiel - Single","DIGITAL"
"7509841273329","Arturo Peniche","Infiel","DIGITAL"
"7509841314893","Astrid Hadad","Tierra Misteriosa","ACTIVO"
"7509841315845","Astrid Hadad","Vivir Muriendo","ACTIVO"
"7713042176178","Badi","Distimia - EP","DIGITAL"
"7509841316019","Banda Regional Mixe","Tsapxuxpé","DIGITAL"
"7509841314282","Banda Regional Mixe","Re: Mixes","ACTIVO"
"7509841216036","Baquetofonía","Percutata","DIGITAL"
"7509841315548","Barrio Calavera","Suena Calle","ACTIVO"
"7509841213851","Beto Caletti","Tess","ACTIVO"
"7509841213240","Beto Caletti","Travessia Brasileira","ACTIVO"
"7509841317047","Blaine L. Reininger & Steven Brown","Monte Albán","DIGITAL"
"7509841272445","Bloody Benders","Sex, Blood & Rock N' Roll","DIGITAL"
"7509841272568","Bobby Pulido","Mil Gracias por Amarme - Single","DIGITAL"
"7509841270106","Bola 8","Bolacalipsis","DIGITAL"
"7509841273343","Bossanónimos","Original y Copla","DIGITAL"
"7509841273091","Botellita de Jerez","No Pinches Mames - Single","DIGITAL"
"7509841216999","Botellita de Jerez","#NoPinchesMames","ACTIVO"
"7509841272551","Botellita de Jerez","Sin Maíz No Hay País - Single","DIGITAL"
"7509841315425","Botellita de Jerez","Naco Es Chido (DVD)","ACTIVO"
"7509841440240","Boxer","Homónimo","ACTIVO"
"7509841217125","Branda","Manhattan Sessions","ACTIVO"
"7509841317665","Burbujas","Grandes éxitos","ACTIVO"
"7509841212922","Caballeros Del Plan G","Abriendo Puertas","ACTIVO"
"7509841315395","Cabezas De Cera","Hermandad","ACTIVO"
"7509841316729","Cabezas De Cera","Música en Escala De Grises","ACTIVO"
"7509841915076","Cabezas De Cera","Metal Música - Aleaciones Aleatorias (2CDs)","ACTIVO"
"7509841271394","Cabezas De Cera","Cabezas de Cera","DIGITAL"
"7509841271400","Cabezas De Cera","...Un Segundo","DIGITAL"
"7509841271417","Cabezas De Cera","Hecho En México (En Vivo)","DIGITAL"
"7509841271424","Cabezas De Cera","Cabezas de Cera - Live USA","DIGITAL"
"7509841317184","Calacas Jazz Band","Nuevos Retros","ACTIVO"
"7509841215763","Calacas Jazz Band","Bien Bonito","ACTIVO"
"7509841214599","Calacas Jazz Band","Gracias Por Cooperar","ACTIVO"
"7509841210065","Caña Dulce y Caña Brava","Sones Jarochos - Mi Canto Tiene Raíz","ACTIVO"
"7509841212304","Capilla Virreinal de la Nueva España","300 Años de Música Colonial Mexicana","DIGITAL"
"7509841914376","Carlos Carreira","La Manera de Contar (En Vivo) (CD+DVD)","ACTIVO"
"7509841917261","Carlos Carreira","Señales (CD+DVD)","DIGITAL"
"7509841214032","Carlos Carreira","Agua","DIGITAL"
"7509841270212","Carlos Carreira","Sin Más Que Hablar","ACTIVO"
"7509841270229","Carlos Carreira","Quiero Cantar","ACTIVO"
"7509841270236","Carlos Carreira","Basado en una Historia Real","ACTIVO"
"7509841440967","Carlos Carreira","Un Lugar En Mi Pecho - EP","DIGITAL"
"7509841315326","Carlos Carreira","Hecho a Medida","ACTIVO"
"7509841317139","Carlos Carreira","Contigo","ACTIVO"
"7509841316439","Carlos Carreira & Jaime Flores","Con El Pie Derecho","ACTIVO"
"7509841210645","Carlos Díaz Caito","Dentro","ACTIVO"
"7509841830553","Carlos Díaz Caito","De Alguna Manera","ACTIVO"
"7509841440196","Carlos Gardel","Sus 40 Tangos Más Famosos (2CDs)","ACTIVO"
"7509841215367","Carlos Macías","El Cartero","ACTIVO"
"7509841271479","Carlos Macías","Divina Tú - Single","DIGITAL"
"7509841271608","Carlos Macías","El Cartero","DIGITAL"
"7509841271813","Carlos Macías","Mil Vidas (feat. Fernanda Castillo) - Single","DIGITAL"
"7509841271820","Carlos Macías","Olvidarte Jamás - Single","DIGITAL"
"7509841272216","Carlos Macías","A Cambio Yo Mi Amor - Single","DIGITAL"
"7509841272957","Carlos Macías","Ella - Single","DIGITAL"
"7509841274128","Carlos Macías","Besos Rotos - Single","DIGITAL"
"7509841274142","Carlos Macías","Besos Rotos (Version Bachata) - Single","DIGITAL"
"7509841274203","Carlos Macías","Ella Es - Single","DIGITAL"
"7509841440981","Carlos Macías","Mi Pasión por El Bolero","ACTIVO"
"7509841316293","Carlos Macías","Con el Alma Desnuda","ACTIVO"
"7509841550161","Carlos Macías","Las Joyas del Príncipe","ACTIVO"
"7509841273732","Carlos Macías","Lo Que No Fue No Será (feat. David Cavazos) - Single ","DIGITAL"
"7509841270427","Carlos Manuel","Sueños Y Soledades","DIGITAL"
"7509841273527","Carlos Quintanar","Fonemas Vol. 1","DIGITAL"
"7509841211673","Carlos y Emiliano","Siempre Cantando - Trova Yucateca y Algo Más","ACTIVO"
"7509841212236","Carlos y Emiliano","Más Canciones","ACTIVO"
"7509841212649","Carlos y Emiliano","Trovando a Pastor Cervera - Trova Yucateca","ACTIVO"
"7509841216470","Casa Verde Colectivo","Aquí y Ahora","DIGITAL"
"7509841271660","Casablanca","Casablanca","DIGITAL"
"7509841270830","Casanova México","Fabrica de Sueños","DIGITAL"
"7509841214742","Cecilia Toussaint","25 Años de Arpña (En Vivo)","ACTIVO"
"7509841830898","Chalice","Catch It","DIGITAL"
"7509841830911","Chalice","1er Archirrecontrasuperfestivalazo Internacional de Reggae y Calypso","ACTIVO"
"7509841270847","Chava Drago A.H.","Rapsodia Apocaliptica","DIGITAL"
"7509836210896","Chava Flores","Mi Pueblo","DIGITAL"
"7509836210902","Chava Flores","Mi Barrio","ACTIVO"
"7509836211183","Chava Flores","Chava Flores en Concierto","ACTIVO"
"7509836211299","Chava Flores","Chava Flores en Vivo","ACTIVO"
"7509836650135","Chava Flores","Como Lo Querías Ver (DVD)","ACTIVO"
"7509836614632","Chava Flores","Una Colección Inolvidable (3CDs)","ACTIVO"
"7509841272858","Chavela Vargas","Cupaima","DIGITAL"
"7509841317313","Chéjere","Nubes de Sal","ACTIVO"
"7509841215244","Chéjere","Ojos de Luna","ACTIVO"
"7509841214261","Chéjere","Villatrópico","ACTIVO"
"7509841316088","Chica Libre","Canibalismo y Sonido Amazónico (2CDs)","ACTIVO"
"190394389871","Chicago Panamerican Ensamble","Voces de México Pasado y Presente (Música de Cámara del s. XX y XXI)","ACTIVO"
"7509841216883","Childs","Realidal","ACTIVO"
"7509841216388","Cindy Takahashi","Extrema Conexión","ACTIVO"
"7509841273244","Cindy Takahashi","Te Amo - Single","DIGITAL"
"7509841216159","CitadinosOn","Benditas Sean Todas Las Madrugadas","ACTIVO"
"7509841271172","Claudia Morfín","Canciones Para Trenes y Estatuas","DIGITAL"
"7509841216401","Clorofila - Nortec","Ahorita Vengo","ACTIVO"
"7509841270434","Coda","Cabo","DIGITAL"
"7509841214315","Coda","Drago Hits 2002-2009","DIGITAL"
"7509841440608","Cohete","Estereofónico","ACTIVO"
"7509841215749","Conquistando Fronteras","Gozo","ACTIVO"
"7509841213165","Controversia Funk","Cambiar al Mundo","ACTIVO"
"7509841213516","Controversia Funk","Rompiendo Barreras","ACTIVO"
"7509841212168","Cordavento","Dos","ACTIVO"
"7509841212663","Cordavento","Cordavento","ACTIVO"
"7509841315296","Cristian Mendoza","Lost In New York","ACTIVO"
"7509841212595","Crimen Urbano","Mundo Criminal","DIGITAL"
"7509841215732","Crystal Sugar","De Otro Planeta Soy","DIGITAL"
"7509841216357","Cuarteto Aurora","Cuartetos Mexicanos - Angulo, Gamboa, Rolón","ACTIVO"
"7509841316545","Cuca","La Venganza de Cucamonga","ACTIVO"
"7509841440479","D.I.O.N.I.S.I.O.S.","Casa de Tigres","ACTIVO"
"7509841216661","Daniel Wong","Trio (feat. Eddie Gomez)","ACTIVO"
"7509841214162","Daniela Luján","Tanta Mujer","ACTIVO"
"7509841216098","David Aguilar","El David Aguilar","ACTIVO"
"7509841273367","David Filio","Vale La Pena","DIGITAL"
"7509841312141","David Filio","El Agua de Tu Cuerpo","ACTIVO"
"7509841212380","David Filio","Tal Cual","DIGITAL"
"7509841317221","David Haro","Es Al Sur","ACTIVO"
"7509841315463","David Haro","Ariles","ACTIVO"
"7509841316026","David Haro","A Esta Hora...","ACTIVO"
"7509841270991","DChampions","La Fe","DIGITAL"
"7509841273992","Decada 2","The Vox (Vol. 1 [1985-1989])","DIGITAL"
"7509841315050","Decibel","Melies","ACTIVO"
"7509841272308","Delacroix","Sí","DIGITAL"
"7509841270601","Delator","Delator","DIGITAL"
"7509841271059","Desarmado","Desarmado","DIGITAL"
"7509841215954","Diego Denver","Late","DIGITAL"
"7509841315715","Diego Ojeda","Te Voy a Hablar de México (Antología)","ACTIVO"
"7509841272810","Distorhead","Soliloquio - EP","DIGITAL"
"7509841272148","Dixon","Solar","DIGITAL"
"7509841213806","Djonta","El Gran Juicio Final","DIGITAL"
"7509841270458","Doo Mok","Doo Mok","DIGITAL"
"7509841270908","Doo-Mok","A.M.P.","DIGITAL"
"7509841273398","DR. FANATIK","H.P. Lovecraft","DIGITAL"
"7509841273831","DR. FANATIK","Godzilla - Single","DIGITAL"
"7509841273848","DR. FANATIK","La Novia - Single","DIGITAL"
"7509841272919","DR. FANATIK","Rosa La Manguera - Single","DIGITAL"
"7509841271974","DR. FANATIK","Martes Hoy Martes Mañana","DIGITAL"
"7509841271981","DR. FANATIK","Ella Es Una Santa","DIGITAL"
"7509841271998","DR. FANATIK","Spirit Underground","DIGITAL"
"7509841272001","DR. FANATIK","Metamorfosis","DIGITAL"
"7509841272032","DR. FANATIK","Ciudad Futura","DIGITAL"
"7509841272025","DR. FANATIK","Un Lugar Tranquilo para Vivir","DIGITAL"
"7509841272018","DR. FANATIK","Es Mi Heroína","DIGITAL"
"7509841272230","DR. FANATIK","Faust","DIGITAL"
"7509841272261","DR. FANATIK","Mars","DIGITAL"
"7509841273350","DR. FANATIK","L' Inferno","DIGITAL"
"7509841440400","Dragon","Dragon","DIGITAL"
"7509841315272","Dreamers","Dreamers","DIGITAL"
"7509841213967","Duek","Caricias Sobran","ACTIVO"
"7509841271240","Eblen Macari","Viento Solar","DIGITAL"
"7509841271257","Eblen Macari","Ambar","DIGITAL"
"7509841271233","Eblen Macari","Tientos","DIGITAL"
"7509841271226","Eblen Macari","Altiplano","DIGITAL"
"7509841314947","Eblen Macari Ensamble","De Beirut a Cosamaloapan","DIGITAL"
"7509841271271","Eblen Macari Trío","La Noche en Comitán (feat. Eblen Macari, Francisco Bringas & Jess Cuevas) [En Vivo]","DIGITAL"
"7509841271264","Eblen Macari Trío","Orión Azul (en vivo) (Impact tour 2003)","DIGITAL"
"7509841314930","Eblen Macari, Mauricio Sotelo & Eblen Macari M","Avant Folk","DIGITAL"
"7509841274036","Edel Juárez","Cuando Tienes con Quién Platicar","DIGITAL"
"7509841273893","Edel Juárez","Debes Mirar (Universos Diferentes) - Single","DIGITAL"
"7509841915601","Edel Juárez","Primeras Consecuencias De Judith (En Vivo) (CD+DVD)","ACTIVO"
"7509841315043","Edel Juárez","Ceremonias de Interior","ACTIVO"
"7509841313667","Edel Juárez","Títeres de Tú","DIGITAL"
"7509841213547","Edel Júrez","En Horas Hábiles","DIGITAL"
"7509841216265","Edgar Dorantes Trio","Encuentros","ACTIVO"
"7509841216272","Edgar Dorantes Trio","Espontáneo","ACTIVO"
"7509841215886","Edgar Dorantes Trio","Remembranzas","ACTIVO"
"7509841314732","Edgar Luna","Johann Sebastian Bach Las Cuatro Suites para Laud","ACTIVO"
"7509841273749","Edgar Nequiz","El Equilibrista","DIGITAL"
"7509841273909","Eduardo Vázquez","Tal Como Quedamos","DIGITAL"
"7509841272339","El Abogángster","La Prehistoria","DIGITAL"
"7509841272131","El Abogángster","Mi Brujita (Versión Acústica) - Single","DIGITAL"
"7509841273282","El Abogángster","Nada Es Cierto (feat. El Haragán) - Single","DIGITAL"
"7509841215305","El Clan","Sin Sentir (En Vivo)","ACTIVO"
"7509841315401","El Codice Laud","Hambre","DIGITAL"
"7509841315371","El Gabinete","Fotogramas de Una Gran Ciudad","ACTIVO"
"7509841270410","El Gran Silencio","Revolusound Contra Systema","DIGITAL"
"7509841272889","El Haragán","Lobo - Single","DIGITAL"
"7509841272186","El Haragán","Sesiones (Demos) - EP","DIGITAL"
"7509841280198","El Mastuerzo","Chínguele Kompai!","ACTIVO"
"7509841216241","El Mastuerzo y Los Jijos del Maiz","El Mastuerzo y Los Jijos del Maiz","ACTIVO"
"7509841271714","El Monte","Es","DIGITAL"
"7509841211468","El Negro Ojeda","Antología 50 Años","ACTIVO"
"7509841211727","El Negro Ojeda","El Necio","DIGITAL"
"7509841211987","El Negro Ojeda","Antología 2 Las Raíces","ACTIVO"
"7509841212748","El Negro Ojeda","Bellas Artes, Al Fin","ACTIVO"
"7509841214728","El Negro Ojeda","Monólogo","ACTIVO"
"7509841270465","El Papas Vagabun2","Mexico","DIGITAL"
"7509841270700","El Pecado de Afrodita","El Pecado de Afrodita","DIGITAL"
"7509841314510","Elevador","Flow","DIGITAL"
"7509841316330","Elfmilk","Relocation","ACTIVO"
"7509841215879","Emiliano Coronel","Mi Camino","ACTIVO"
"7509841273824","Emmanuel Laboriel & Dharma Jazz","Dharma Jazz","DIGITAL"
"7509841210546","Enrique Jorrin","El Rey del Cha-Cha-Cha","DIGITAL"
"7509841272438","Enrique Quezadas","Estas Islas","DIGITAL"
"7509841213455","Enrique Quezadas","Fuego y Tambor","ACTIVO"
"7509841212946","Enrique Quezadas","Del Mismo Lado","ACTIVO"
"7509841211833","Enrique Quezadas","Dentro de Mí","ACTIVO"
"7509841212366","Enrique Quezadas","Sin Mí","DIGITAL"
"7509841280181","Enrique Quezadas","Ese Güey","ACTIVO"
"7509841212465","Ensamble Galileo","Todos los Bienes del Mundo","DIGITAL"
"7509841312998","Ensamble Galileo","Una Pieza de Fuego","DIGITAL"
"7509841315579","Ensamble Kafka","Ensamble Kafka","ACTIVO"
"7509841215312","Ensamble Tierra Mestiza","Folía Y Son","ACTIVO"
"7509841213820","Ensamble Tierra Mestiza","Ida y Vuelta","ACTIVO"
"7509841215855","Ernesto Anaya","Los Encantos de Chava Flores","ACTIVO"
"7509841215862","Ernesto Anaya","Recorriendo El Son","ACTIVO"
"7509841214384","Ernesto Anaya","Huapangueando","DIGITAL"
"7509841212021","Ernesto Anaya & Juana Vargas","Canciones de Ardor y Contra Quien Resulte Responsable","ACTIVO"
"7509841210195","Ernesto Cavour","Charango Boliviano","DIGITAL"
"7509841270717","Ernie","A.O.M.","DIGITAL"
"7509841317146","Esteban Herrera Trio","Fantasma","ACTIVO"
"7509841315654","Esteban Herrera Trio","Estrella","ACTIVO"
"7509841316378","Esteban Herrera Trio","Origen","ACTIVO"
"7509841272407","Estrella","Contigo Gano - Single","DIGITAL"
"7509841215527","Estrella","Contigo Gano","ACTIVO"
"7509841270595","Etanisis","Marcha Entre Los Muertos","DIGITAL"
"7509841440493","Eufemia","Mosquito","ACTIVO"
"7509841440103","Eufemia","Eufemia","DIGITAL"
"7509841215220","Eufemia","- Es +","ACTIVO"
"7509841213233","Eufemia","Compresor","ACTIVO"
"7509841313131","Eugenia León","Oh Noche","ACTIVO"
"7509841313124","Eugenia León (feat. La Danzonera Dimas)","Que Devuelvan","ACTIVO"
"7509841215923","Evelyn de la Luz","Diamantes a Los Cerdos","DIGITAL"
"7509841314503","Fadi El Saadi","Ranin (Bellydance Vol. 2)","ACTIVO"
"7509841314923","Fadi El Saadi","Dalaa el Nawaem - Bellydance, Vol. 1","ACTIVO"
"7509841317252","Fadi El Saadi","Tagareed (Bellydance, Vol. 4)","ACTIVO"
"7509841315159","Fadi El Saadi","Qarawan - Bellydance Vol. 3","ACTIVO"
"7509841440516","Fatima","Escúchame (2010 Edition)","ACTIVO"
"7509841271189","Federica Quijano","Vives en Mi - Single","DIGITAL"
"7509841550079","Fernanda Delgado","DNA Healing Mantras","ACTIVO"
"7509841211406","Fernando Delgadillo","Crónicas de Bruno del Breñal","ACTIVO"
"7509841211390","Fernando Delgadillo","Desviaciones de la Canción Informal","ACTIVO"
"7509841211284","Fernando Delgadillo","Con Cierto Aire a Ti","ACTIVO"
"7509841550147","Fernando Delgadillo","Tiempo Ventanas","ACTIVO"
"7509841311977","Fernando Delgadillo","Febrero 13, Vol. 2","ACTIVO"
"7509841312196","Fernando Delgadillo","Campo de Sueños","ACTIVO"
"7509841314411","Fernando Delgadillo","Desde la Isla del Olvido","ACTIVO"
"7509841213387","Fernando Delgadillo","Parque Naucalli","ACTIVO"
"7509841211758","Fernando Delgadillo","Entre Pairos y Derivas","ACTIVO"
"7509841211505","Fernando Delgadillo","De Vuelos y de Sol","ACTIVO"
"7509841211963","Fernando Delgadillo","Febrero 13, Vol. 1","ACTIVO"
"7509841280013","Fernando Delgadillo","Hoy Ten Miedo de Mi","ACTIVO"
"7509841280037","Fernando Delgadillo","Hoy Hace Un Buen Día","ACTIVO"
"7509841280419","Fernando Delgadillo","Ay Amor","ACTIVO"
"7509841280402","Fernando Delgadillo","Entre Pairos y Derivas","ACTIVO"
"7509841211611","Fernando Delgadillo","Primer Estrella de la Tarde (feat. Gonzalo Ceja)","ACTIVO"
"7509841316897","Fernando Paredez","Todo Comienza de Nuevo","ACTIVO"
"7509841271936","Fernando Rivera Calderón","A Mí Me Mató La Vida - Single","DIGITAL"
"7509841271943","Fernando Rivera Calderón","Se Vende Mi País - Single","DIGITAL"
"7509841316538","Fernando Toussaint, Enrique Pat & Bernardo Ron","Aguamala","ACTIVO"
"7509841440356","Fiusha","Funkstar","ACTIVO"
"7509841211031","Flor De Metal","Ciudad Azul","DIGITAL"
"7509841273428","Flor De Metal","Reencuentro Concierto 2005 (En Vivo)","DIGITAL"
"7509841315814","Forseps","6PM","ACTIVO"
"7509841915113","Francisco Barrios El Mastuerzo","Guadalupe Reyes (2CDs)","ACTIVO"
"7509841213837","Francisco Lelo de Larrea","5uinteto","ACTIVO"
"7509841274234","Fratta","Nubosidad Variable - EP","DIGITAL"
"750984131750","Fratta","Nubosidad Variable","ACTIVO"
"7509841214131","Fratta","Malafama","ACTIVO"
"7509841271639","Freddy Comitte","La Aventura","DIGITAL"
"7509841271851","Fridas","Pruébame - Single","DIGITAL"
"7509841440691","Funeral","Bendiciones De Muerte","DIGITAL"
"7509841210287","Gabino Palomares","La Maldicion de Malinche","ACTIVO"
"7509841211567","Gabino Palomares","Antología","ACTIVO"
"7509841216937","Gaston","Desdibújate (Deluxe Version)","ACTIVO"
"7509841214681","Gerardo Enciso","Es Por Ti","ACTIVO"
"7509841317467","Gerardo Peña","Reconstrucción","ACTIVO"
"7509841214209","Gerardo Peña","Flores","ACTIVO"
"7509841214346","Gerardo Peña","Corte de Caja","ACTIVO"
"7509841211826","Gerardo Peña","Nada","ACTIVO"
"7509841212137","Gerardo Peña","Torre de Babel","DIGITAL"
"7509841211604","Gerardo Peña","El Tren","ACTIVO"
"7509841210522","Gerardo Tamez","Tierra Mestiza","ACTIVO"
"7509841315494","Gliese 229 Guitar Duo","Alegorías","DIGITAL"
"7509841271868","Gommah","Lento - Single","DIGITAL"
"7509841272520","Gommah","Más Personal","DIGITAL"
"7509841830706","Guadalupe Pineda","Guadalupe Pineda","ACTIVO"
"7509841830713","Guadalupe Pineda & Carlos Díaz Caito","Guadalupe Pineda & Carlos Diaz Caito","ACTIVO"
"7509841912211","Guillermo Briseño","Verde Blanco y Colorado (3CDs)","DIGITAL"
"7509841212205","Juan Helguera, Guillermo Flores Méndez, Selvio Carrizosa & Julio César Oliva","Guitarra Mexicana","ACTIVO"
"7509841214193","Gustavo Lara","Con V de Vuelta","ACTIVO"
"7509841272827","Gustavo Lastra","Libre","DIGITAL"
"7509841272834","Gustavo Lastra","Retratos","DIGITAL"
"7509841214841","Haragán y Cia","Volviendo a Casa","ACTIVO"
"7509841215619","Heavy Nopal","Ni Un Paso Atras","DIGITAL"
"7509841316507","Héctor Alexandro López y López","La Tuba Contemporánea en México","ACTIVO"
"7509841270014","Héctor Saavedra","Cautivo","DIGITAL"
"7509841270021","Héctor Saavedra","Saudade - Nostalgia Latinoamericana","DIGITAL"
"7509841215664","Horacio Franco","H3A","ACTIVO"
"7509841440530","Horas Muertas","02:01 a. m.","ACTIVO"
"7509841317153","Ignacio Baca Lobera","Iliminar - Música de Cámara","ACTIVO"
"7509841830805","Illapu","De Libertad y De Amor","ACTIVO"
"7509841212373","Ilonka","Amar Amando","ACTIVO"
"7509841211666","Ilonka","Inolvidable","ACTIVO"
"7509841217279","IndieConectados","IndieConectados","ACTIVO"
"7509841215510","Inspector","Ska a La Carta","ACTIVO"
"7509841217637","Inspector","Inspector","ACTIVO"
"7509841315067","Iraida Noriega","Caracolito","ACTIVO"
"7509841316040","Iraida Noriega & La Groovy Band","La Groovy Band","ACTIVO"
"7509841272155","Iraida Noriega","Así Era Entonces, Ahora... (feat. Zinco Big Band)","DIGITAL"
"7509841317481","Iraida Noriega & Ken Bichel","As One","ACTIVO"
"7509841317023","Iraida Noriega LIJ Trío","En El Bosque","ACTIVO"
"7509841215824","Iraida Noriega, Enrique Nery & Aarón Cruz","¿Quién Eres Tú?","ACTIVO"
"7509841215282","Israel Cupich, Roberto Blanco & Gustavo Nandayapa","Blanch, Cupich, Nandayapa Trío","ACTIVO"
"606110123440","Jaime Flores","Para Ser Feliz","ACTIVO"
"7509841210171","Jaime Guardia","Charango Peruano","DIGITAL"
"7509841213332","Jaime López & José Manuel Aguilera","No Más Héroes por Favor","ACTIVO"
"7509841440325","Jaime López","Por Los Arrabales","ACTIVO"
"7509841214711","Jaime López","Mujer y Ego","DIGITAL"
"7509841216166","Jaime López","Palabras Necias","ACTIVO"
"7509841440257","Jaime López & José Manuel Aguilera","Odio Fonky","DIGITAL"
"7509841216364","Jaime López y Su Hotel Garage","Di No a La Yoga","ACTIVO"
"7509841215251","Jaime López y Su Hotel Garage","En Vivo y en Domínguez!","ACTIVO"
"7509841216579","Jaramar","Lenguas","ACTIVO"
"7509841213370","Jaramar","Que Mis Labios Te Nombren","ACTIVO"
"7509841216906","Jaramar & Caída Libre","Wait For The Rain","ACTIVO"
"7509841316910","Jaramar y El Cuarteto Latinoamericano","El Hilo Invisible (Cantos Sefaradíes)","ACTIVO"
"7509841212755","Jarris Margalli","Soul","ACTIVO"
"7509841273152","Jas Devael","Sabor Latino","DIGITAL"
"7509841272506","Jas Devael","Jas Devael","DIGITAL"
"7509841215800","Jas Devael","La Diferencia","ACTIVO"
"7509841550178","Jas Devael","El Consentido (En Vivo) (CD+DVD)","ACTIVO"
"7509841216227","Jas Devael","El Consentido","ACTIVO"
"7509841215787","Jauregui","La Rebelión de Las Musas","ACTIVO"
"7509841272872","Jazmín Solar","Marilyn - Single","DIGITAL"
"7509841316569","Jazmín Solar","Universo Dentro","ACTIVO"
"7509841216067","Joe d'Etienne Big Band","What's the Rush? (Remastered)","ACTIVO"
"7509841273268","Jorge Daher & Paulina Aguilera","Hermosa Esperanza - Single","DIGITAL"
"7509841273695","Jorge Domínguez","La Vecina","DIGITAL"
"7509841274104","Eduardo Murguia, Mauricio Arriaga & Ricardo Larrea","El Hotel de Los Secretos (Música Original de la Serie)","DIGITAL"
"7509841271967","Jorge Gallegos","Se Me Desgarra El Alma - Single","DIGITAL"
"7509841272476","Jorge Gallegos","Se Me Desgarra El Alma [Pop Version] - Single","DIGITAL"
"7509841272414","Jorge Peart","Sumario (Bonus Track Version) (CD+DVD)","DIGITAL"
"7509841550116","Jorge Peart","Sumario (Bonus Track Version) (CD+DVD)","DIGITAL"
"7509841217071","Jorge Reyes y Francisco Lopez","Tlaloc","ACTIVO"
"7509841214148","José Cruz","Lección de Vida","ACTIVO"
"7509841272865","José Fors","Dr. Frankenstein (2CDs)","DIGITAL"
"7502238603426","José Fors","Orlok El Vampiro","ACTIVO"
"7509841214520","José Fors","Reproducciones Vol. 1","DIGITAL"
"7509841440028","José Manuel Aguilera","Yendo Al Cine Solo","DIGITAL"
"7509841273510","Juan Carlos Novelo","Ostinato II - Single","DIGITAL"
"7509841272209","Juan Carlos Novelo","Ostinato","DIGITAL"
"7509841217101","Juan Carlos Portillo","Fuego Nuevo","ACTIVO"
"7509841273305","Juan Manuel Torreblanca, Iraida Noriega, Leika Mochan & Hebe Rosell","Maradentro (Comparte Una Ola) - Single","DIGITAL"
"7509841315685","Juan Perro & José Fors","Sesiones con Si Son","ACTIVO"
"7509841270144","K-Fe","Kafeina pura","DIGITAL"
"7509841315210","Karamelo Santo","Divina Trayectoria","ACTIVO"
"7509841272452","Karina Catalán","Quiero Gritar - Single","DIGITAL"
"7509841272292","Karla Kobach","Karla Kobach","DIGITAL"
"7509841270526","Kimera","Serpent Venus","DIGITAL"
"7509841210584","Kitzia y Gabriela","Canciones para Niños","DIGITAL"
"7509841214469","Klzon Chino","No Mires Atrás","ACTIVO"
"7509841272759","Koztura","Una Vez - Single","DIGITAL"
"7509841272780","Koztura","Chico Blues - Single","DIGITAL"
"7509841272766","Koztura","Welcome - Single","DIGITAL"
"7509841272797","Koztura","Welcome - EP","DIGITAL"
"7509841272773","Koztura","I Can't Help Fallin' in Love - Single","DIGITAL"
"7509841270793","Kristos","Los Mismos Perros, el Mismo Hueso","DIGITAL"
"7509841270809","Kristos","Y Como el Olvido","DIGITAL"
"7509841271783","Kurado","El Fuego Y Las Estrellas","DIGITAL"
"7509841273725","Kurado","Arriba Es Abajo","DIGITAL"
"7509841550123","La Barranca","Eclipse de Memoria (Edición Especial)","DIGITAL"
"7509841217972","La Barranca","Denzura / Cielo Protector (Deluxe)","ACTIVO"
"7509841213004","La Barranca","El Fluir","ACTIVO"
"7509841440714","La Barranca","Piedad Ciudad","DIGITAL"
"7509841440332","La Barranca","Providencia","DIGITAL"
"7509841440370","La Barranca","Construcción","DIGITAL"
"7509841440158","La Barranca","Rueda de los Tiempos","DIGITAL"
"7509841217347","La Barranca","Tempestad (Deluxe)","ACTIVO"
"7509841217354","La Barranca","El Fuego de La Noche (Deluxe)","ACTIVO"
"7509841215640","La Barranca","Eclipse de Memoria","ACTIVO"
"7509841216715","La Barranca","Fatalis","DIGITAL"
"7509841313148","La Bodeguita del Medio","De Cuba Con Sabor, Vol.1","DIGITAL"
"7509841916783","La Castañeda","En Vivo 25 Aniversario (CD+DVD)","ACTIVO"
"7509841215978","La Castañeda","Interno Acústico","ACTIVO"
"7509841215084","La Fabrica de Tangos","Solo Hay Una Ley","ACTIVO"
"7509841270472","La Famélica","El Ángel y el Dragón","DIGITAL"
"7509841440615","La Hermandad","Reflejos de Realidad II","DIGITAL"
"7509841273688","La Súper Cocina","La Súper Cocina","DIGITAL"
"7509836216515","La Sabrosa Sabrosura","Chavas y Flores - Tributo a Chava Flores","ACTIVO"
"7509841316965","La Tremenda Korte","Alerta","ACTIVO"
"7509841315135","La Tremenda Korte","La Rebelión","ACTIVO"
"7509841274067","La Yerbabuena","La Yerbabuena","DIGITAL"
"7509841272599","Lazcano Malo","Lazcano Malo","DIGITAL"
"7509841272322","Lazcano Malo","Mis XV","DIGITAL"
"7509841214704","Lazcano Malo","Parte Del Show","ACTIVO"
"7509841213622","Lazcano Malo","El último Niño Héroe","ACTIVO"
"7509841214278","Lazcano Malo","Ponte en Mis Zapatos","DIGITAL"
"7509841271752","Le Premier Enfant","Himno Madrugada","DIGITAL"
"7509841915120","León Chávez Teixeiro","La Chava de la Martín Carrera (2CDs)","DIGITAL"
"7509841272643","Liliana Felipe","La Mujer Que Mató a los Peces - EP","DIGITAL"
"7509841272650","Liliana Felipe","Elotitos Tiernos","DIGITAL"
"7509841272667","Liliana Felipe","Lilith","DIGITAL"
"7509841272674","Liliana Felipe","Vacas Sagradas","DIGITAL"
"7509841272681","Liliana Felipe","Tabaquería de Fernando Pessoa","DIGITAL"
"7509841272698","Liliana Felipe","Las Horas De Belén","DIGITAL"
"7509841313094","Liliana Felipe","Tangachos","ACTIVO"
"7509841313100","Liliana Felipe","Tan Chidos","ACTIVO"
"7509841313117","Liliana Felipe","Trucho","ACTIVO"
"7509841313780","Liliana Felipe","Mil Veces Mil","ACTIVO"
"7509841315012","Liliana Felipe","Tangos de Discepolo","ACTIVO"
"7509841314350","Liliana Felipe & Jesusa Rodríguez","Que 20 Años No Es Nada (2CDs) ","ACTIVO"
"7509841273169","Lilibeth","Háblame","DIGITAL"
"742832713504","Liquits","Safari de Noche","ACTIVO"
"7509841214964","Liran Roll","Siguiendo la Línea","ACTIVO"
"7509841271691","Liran Roll","El Reto, Vol. 2","DIGITAL"
"7509841271684","Liran Roll","El Reto, Vol. 1","DIGITAL"
"7509841271561","Llako","Llako","DIGITAL"
"7509841316972","Loli Molina","Rubi","ACTIVO"
"7509841212830","Los Amantes de Lola","3","DIGITAL"
"7509841440776","Los Benders","Who's Your Daddy?","ACTIVO"
"7509841316637","Los Caverns","Vol. II","ACTIVO"
"7509841273534","Los Elasticos","Dr. Malicia / 10 Años Elásticos","DIGITAL"
"7509841272278","Los Elasticos","Cuatro vs Cuatro","DIGITAL"
"7509841270755","Los Elasticos","Los Elasticos","DIGITAL"
"7509841270762","Los Elasticos","Death Calavera 2.2","DIGITAL"
"7509841270779","Los Elasticos","Entre Leyendas Y Villanos","DIGITAL"
"7509841271899","Los Estrambóticos","Oír Tu Voz - Single","DIGITAL"
"7509841440745","Los Estrambóticos","!!Puro Macanazo!!","DIGITAL"
"7509841215459","Los Estrambóticos","Lágrimas y Risas","DIGITAL"
"7509841214230","Los Estrambóticos","Aquí y Ahora","DIGITAL"
"7509841210966","Los Folkloristas","Nuestra América Negra","ACTIVO"
"7509841210973","Los Folkloristas","México Horizonte Musical","DIGITAL"
"7509841210997","Los Folkloristas","Cantan a los Niños","DIGITAL"
"7509841211154","Los Folkloristas","Viaje Por Latinoamérica","DIGITAL"
"7509841211161","Los Folkloristas","Concierto de Aniversario","ACTIVO"
"7509841211178","Los Folkloristas","25 Años","ACTIVO"
"7509841211321","Los Folkloristas","México","ACTIVO"
"7509841211314","Los Folkloristas","Coplas y Tonadas","DIGITAL"
"7509841273817","Los Folkloristas","El Coco (Captain Planet Remix) - Single","DIGITAL"
"7509841280051","Los Folkloristas","Tierra Mestiza P.1","ACTIVO"
"7509841280068","Los Folkloristas","Tierra Mestiza P.2","ACTIVO"
"7509841280075","Los Folkloristas","Raíz Viva P.1","ACTIVO"
"7509841280082","Los Folkloristas","Raíz Viva P.2","ACTIVO"
"7509841280099","Los Folkloristas","Raíz Viva P.3","ACTIVO"
"7509841280105","Los Folkloristas","El Mayor de Los Dorados (corrido)","ACTIVO"
"7509841280112","Los Folkloristas","El Mayor de Los Dorados (corrido-instrumental)","ACTIVO"
"7509841280129","Los Folkloristas","La Paloma","ACTIVO"
"7509841280136","Los Folkloristas","La Renca","ACTIVO"
"7509841280143","Los Folkloristas","El Diablo (Son Guerrerense)","ACTIVO"
"7509841280150","Los Folkloristas","El Trompo","ACTIVO"
"7509841280167","Los Folkloristas","La Tortolita","ACTIVO"
"7509841280174","Los Folkloristas","Décimas Jarochas °Ya Llegamos Paisano!","ACTIVO"
"7509841270328","Los Folkloristas","Primera Grabación","DIGITAL"
"7509841440417","Los Folkloristas","Argentina","ACTIVO"
"7509841440424","Los Folkloristas","Bolivia","DIGITAL"
"7509841440431","Los Folkloristas","Ecuador","ACTIVO"
"7509841440448","Los Folkloristas","Perú","ACTIVO"
"7509841440455","Los Folkloristas","Venezuela","ACTIVO"
"7509841216289","Los Folkloristas","Cantando con La Muerte","ACTIVO"
"7509841315197","Los Folkloristas","45 Años en Vivo (CD+DVD)","ACTIVO"
"7509841211840","Los Folkloristas","Colores Latinoamericanos","ACTIVO"
"7509841212175","Los Folkloristas","El Son Mexicano","ACTIVO"
"7509841212106","Los Folkloristas","Caminos de los Andes","DIGITAL"
"7509841213363","Los Folkloristas","40 Años","ACTIVO"
"7509841214988","Los Folkloristas","45 Años (En Vivo)","ACTIVO"
"7509841211642","Los Folkloristas","Nueva Canción","ACTIVO"
"7509841211550","Los Folkloristas","30 Años","ACTIVO"
"7509841211536","Los Folkloristas","Latinoamérica","ACTIVO"
"7509841212250","Los Folkloristas","35 Años","ACTIVO"
"7509841317436","Los Folkloristas","50 Años (2CDs)","ACTIVO"
"7509841440554","Los Folkloristas","Veracruz  ","DIGITAL"
"7509841440561","Los Folkloristas","Michoacán","ACTIVO"
"7509841210232","Los Folkloristas & Arturo Aguirre","Rondador Ecuatoriano","DIGITAL"
"7509841212328","Los Folkloristas, Carlos y Emiliano, Coro Promúsica","La Misa Criolla","ACTIVO"
"7509841274210","Los Honey Rockets","Los Honey Rockets","DIGITAL"
"7509841440936","Los Jaigüey","Haciendo Tiempo","DIGITAL"
"7509841440462","Los Jaigüey","Los Jaigüey","ACTIVO"
"7509841272544","Los Korucos","Dale Un Dulze Al Chamakito!!!","DIGITAL"
"7509841272353","Los Korucos","La Cumparsita (Korukeada) - Single","DIGITAL"
"7509841271332","Los Korucos","De Ke Manera Te Olvido... Chimol!!","DIGITAL"
"7509841271301","Los Korucos","¡De Todo Tengo Señor!","DIGITAL"
"7509841271318","Los Korucos","Detektor De Meskal","DIGITAL"
"7509841271387","Los Korucos","7 Años de Amistad en Vivo!!","DIGITAL"
"7509841272315","Los Korucos","Sueños  (feat. Dr. Shenka) - Single","DIGITAL"
"7509841271745","Los Levingstons","Ep - EP","DIGITAL"
"7509841317207","Los Músicos de José","Dilo! Homenaje a Perez Prado","ACTIVO"
"7509841274043","Los Músicos de José","Quasianimal","DIGITAL"
"7509841440141","Los Músicos de José","Los Músicos de José","ACTIVO"
"7509841314770","Los Músicos de José","Different Sounds Remixes","ACTIVO"
"7509841216807","Los Músicos de José","Lo Mejor de Los Músicos de José (2005-2015)","ACTIVO"
"7509841214056","Los Músicos de José","Chicotito Groove","ACTIVO"
"7503002788622","Los Masiosares","Folklore Urbano","DIGITAL"
"7509841217323","Los Molotes","Tu Lindo Andar","DIGITAL"
"7509841550048","Los Patita de Perro","En Concierto (DVD)","ACTIVO"
"7509841215091","Los Patita de Perro","Gracias","ACTIVO"
"7509841213981","Los Patita de Perro","Cuando Yo Me Muera","ACTIVO"
"7509841212489","Los Patita de Perro","El Planeta","DIGITAL"
"7509841214575","Los Patita de Perro","En Concierto","ACTIVO"
"7509841212618","Los Patita de Perro","Los Derechos de los Niños","DIGITAL"
"7509841213042","Los Patita de Perro","Las Primeras Canciones","DIGITAL"
"7509841213196","Los Patita de Perro","Los Pata para Adultos","ACTIVO"
"7509841212083","Los Patita de Perro","Los Pata Contra-atacan","ACTIVO"
"7509841271004","Los Reyes del Falsete","La Fiesta De La Forma","DIGITAL"
"7509841274135","Los Rude Boys","Una Vez Más","DIGITAL"
"7509841273206","Los Rude Boys","Mejores Tiempos","DIGITAL"
"7509841273718","Los Rude Boys","El Precio del Sudor","DIGITAL"
"7509841316491","Louise Phelan","Moments of Light","DIGITAL"
"7509841270625","Luis David Arreola","Cosmonology","DIGITAL"
"7509841217088","Luis Perez","Suspended Spheres","ACTIVO"
"7509841317238","Luis Perez Ixoneztli","Mare Nostrum (2CDs)","ACTIVO"
"7509841271516","Mármol R","Mármol R - EP","DIGITAL"
"7509841273862","Macuiles","Macuiles","DIGITAL"
"7509841217309","Macuiles","Macuiles","ACTIVO"
"7509841213608","Magda Angélica","Ilhuikatzin","ACTIVO"
"7509841215176","Magda Angélica","Kaslem","ACTIVO"
"7509841440523","Majadero","De Piña para la Niña","ACTIVO"
"7509841317009","Mal Akh Ensamble","Animalik","ACTIVO"
"7509841273985","Malaria","Manzana","DIGITAL"
"7509841271103","Maldita Profecía","Los Criminales Han Regresado","DIGITAL"
"7509841314794","Malena Durán","Jaime Sabines: La Primera Lluvia del Año","DIGITAL"
"7509841215893","Malena Durán","Atréveme","DIGITAL"
"7509841212458","Malena Durán","Ya Es Tiempo","DIGITAL"
"7509841440707","Mamá Pulpa","Tocadiscos","ACTIVO"
"7509841273459","Manolo Bautista","Marea","DIGITAL"
"7509841273466","Manolo Bautista","Tras de Mi Pared","DIGITAL"
"7509841270588","Mantra","Building: Hell","DIGITAL"
"7509841273916","Maquiavelia","El Perpetuo Festín de Horrores Fantásticos Refinadamente Crueles","DIGITAL"
"7509841273923","Maquiavelia","Radio Fantasma 66.6 Frecuencia HipnoÃÅtica de Ciudad Tinieblas","DIGITAL"
"7509841273930","Maquiavelia","La Aventura Espacial Más Espeluznante y Enigmática a Bordo del Maquiavelius 13","DIGITAL"
"7509841273947","Maquiavelia","Angustiantes Cuentos Malévolos Encantadoramente Tristes y Escalofriantes","DIGITAL"
"7509841273954","Maquiavelia","El Ensamble de Pesadillas Delirantes sin Un Final Feliz","DIGITAL"
"7509841316118","Marc Osterer","Interview","ACTIVO"
"7509841315791","Marcela Rodríguez","Las Cartas de Frida","ACTIVO"
"7509841213479","María","Besos","ACTIVO"
"7509841273213","Mario Choperena","Collage","DIGITAL"
"7509848013034","Markyño","Tribu To","DIGITAL"
"7509848013034","Markyño","Tribu To","DIGITAL"
"7509841271516","Mármol R","Mármol R - EP","DIGITAL"
"7509841212410","Martha Isabel","Ojalá","DIGITAL"
"7509841271455","Martin Murano","Tango Lounge","DIGITAL"
"7509841272841","Martin Murano","Libre","DIGITAL"
"7509841271615","Martin Murano","Déjate Llevar","DIGITAL"
"7509841274111","Martín Sobrino","Empezar y Terminar - Single","DIGITAL"
"7509841214476","Maruchy Behmaras","La Rosa de los Vientos","ACTIVO"
"7509841270250","Maruchy Behmaras","Y Tú?, Qué Cuentas...","DIGITAL"
"7509841315999","Marwan","Trapecista","ACTIVO"
"7509841316002","Marwan","Las Cosas Que No Pude Responder","ACTIVO"
"7509841312004","Mauricio Diaz Hueso","Hueso","ACTIVO"
"7509841214094","Mercedes Ferrer","Travesía","ACTIVO"
"7509841273138","Merenglass","El Baile del Compayito - Single","DIGITAL"
"7509841270632","Metalfonik","Metalfonik","DIGITAL"
"7509841270649","Metalfonik","Desde las Cenizas","DIGITAL"
"7509841210799","Mexicanto","En Venta","ACTIVO"
"7509841210867","Mexicanto","Castillo Blanco","DIGITAL"
"7509841211048","Mexicanto","Si Llegas","DIGITAL"
"7509841211307","Mexicanto","Seremos Escuchados","ACTIVO"
"7509841214322","Mexicanto","Coincidir","ACTIVO"
"7509841280426","Mexicanto","Coincidir","ACTIVO"
"7509841213417","Mexicanto","XX Aniversario Grandes Exitos","ACTIVO"
"7509841216746","Mexicanto","Estás Aquí","DIGITAL"
"7509841213158","Mexicanto","Otra Vez","ACTIVO"
"7509841211772","Mexicanto","Felix-Filio","ACTIVO"
"7509841212113","Mexicanto","Dueto en Directo","DIGITAL"
"7509841211444","Mexicanto","En el Camino","ACTIVO"
"7509841211574","Mexicanto","Décimo Aniversario, Vol. I","ACTIVO"
"7509841211581","Mexicanto","Décimo Aniversario, Vol. II","ACTIVO"
"7509841317405","Mexicolombia Fusion Project","Pacificonexión","ACTIVO"
"7509841274029","Mexkla","La Mexkla (En Vivo)","DIGITAL"
"7509841316736","Michael Nyman","Retrospectiva","ACTIVO"
"7509841273077","Miguel Inzunza","Circo Bicicleta","DIGITAL"
"7509841273060","Miguel Inzunza","Fábrica de Aves","DIGITAL"
"7509841273084","Miguel Inzunza","Que Nadie Se Entere","DIGITAL"
"7509841273275","Miguel Martínez","Tu Sonrisa (Musica de La Telenovela Hasta El Fin del Mundo) - Single","DIGITAL"
"7509841271875","Miguel Tigerino","Idealización","DIGITAL"
"7509841216135","Mike Sierra","El Cielo Está En La Tierra","ACTIVO"
"7509841213585","Monocordio","Monocordio","DIGITAL"
"7509841213011","Monocordio","La Hora del Tiempo","ACTIVO"
"7509841271448","Monocordio","Dos Extraños","DIGITAL"
"7509841272162","Monocordio","Porque No Estás Tú? (feat. Manuel García) - Single","DIGITAL"
"7509841271295","Monocordio","El Primer Rayo de Sol","DIGITAL"
"7509841317511","Monocordio","Pájaros y Cuchillos","ACTIVO"
"7509841550109","Monocordio","10 Años en Vivo (CD+DVD)","ACTIVO"
"7509841214650","Monocordio","El Diablo Es el Ego de Dios","ACTIVO"
"7509841213936","Monocordio","La Verdad Es una Mentira en los Ojos de Quien la Mira","ACTIVO"
"7509841270175","Mr. Grillo","A la Conquista","DIGITAL"
"7509841213509","Mr. Vyrus","Vida Enferma Vol. 1","DIGITAL"
"7509841270182","Mr. Vyrus","Vida Enferma Vol. 2","DIGITAL"
"7509841272605","Muñeca Galáctica","Posmoderno (Redit)","DIGITAL"
"7509841273374","Muñeca Galáctica","Espíritu Libre - Single","DIGITAL"
"7509841272629","Muñeca Galáctica","Plenitud","DIGITAL"
"7509841272612","Muñeca Galáctica","Estímulo","DIGITAL"
"7509841215961","Mystica Girls","Gates of Hell","ACTIVO"
"7509841440820","Mystica Girls","Metal Rose","ACTIVO"
"7509841830171","Nacha Guevara","Nacha Guevara Canta a Benedetti","ACTIVO"
"7509841830041","Nacha Guevara","Nacha Guevara en Vivo","ACTIVO"
"7509841216685","Nacho Pata","Hoy Es Viernes","ACTIVO"
"7509841273022","Natalie Lemaitre","Sexy Sexy - EP","DIGITAL"
"7509841273039","Natalie Lemaitre","Puedo Respirar - EP","DIGITAL"
"7509841273961","Nekromántiko","Corazón Oscuro","DIGITAL"
"7509841273763","Neoplen","CE - EP","DIGITAL"
"7509841211420","Nina Galindo","Antes del Toque de Queda","ACTIVO"
"7509841214223","Nine Rain","Que Viva México!","DIGITAL"
"7509841271141","Nona Delichas","Aires De Bocacalle","DIGITAL"
"7509841271134","Nona Delichas","Nona Delichas","DIGITAL"
"7509841270557","Nostra Morte","Un Cuento Antes De Morir","DIGITAL"
"7509841270731","Nuevo Poder","Invencible","DIGITAL"
"7509841215411","Nur Slim","Azul Celofán","ACTIVO"
"7509841316583","Nur Slim","Botánica del Viento","ACTIVO"
"7509841440783","Nur Slim","Mis Vuelos","ACTIVO"
"7502248420006","Ofelia Asencio","Momentos Deshilados","DIGITAL"
"7509841273015","Olga Maria","Amanecer - Single","DIGITAL"
"7509841274005","Olinka","Raíces Somos","DIGITAL"
"7509841314305","Olivia Gorra","Moviendo El Agua","ACTIVO"
"7509841273879","Omar Márquez","Quédate Conmigo - EP","DIGITAL"
"7509841314299","Omar Torrez","Corazón de Perro","ACTIVO"
"7509841315036","Omara Portuondo & Chucho Valdés","Omara & Chucho","ACTIVO"
"7509841217422","Orquesta 24 Cuadros","Orquesta 24 Cuadros","ACTIVO"
"7509841211949","Orquesta Aragón","Homenaje","DIGITAL"
"7509841216692","Orquesta Basura","De Mi para Ti","ACTIVO"
"7509841440929","Orquesta Basura","Desecho en México","ACTIVO"
"7509841216647","Oz Project","Soñador","ACTIVO"
"7509841215770","Pablo Ahmad","El Delivery de Tangos","ACTIVO"
"7509841210188","Pablo Milanés","Pablo Milanés Canta a José Martí","ACTIVO"
"7509841213325","Pacífico Fly","Al Borde","ACTIVO"
"7509841270199","Pakal","A un Paso de la Cuarta Dimensión","DIGITAL"
"7509841270304","Pamm","Bajo La Lluvia Es Mejor","DIGITAL"
"7509841214421","Pangea","Pangea","DIGITAL"
"7509841315340","Paté de Fuá","Música Moderna","ACTIVO"
"7509841273435","Paulina Goto","Llévame Despacio - Single","DIGITAL"
"7509841213974","Pedro Aznar","Quebrado","ACTIVO"
"7509841214360","People Project","Natural","ACTIVO"
"7509841274166","Pepe Frank","De Vuelta a La Escuela","DIGITAL"
"7509841274173","Pepe Frank","Concierto de Juguete","DIGITAL"
"7509841315104","Pepe Frank","30 Años","ACTIVO"
"7509841313735","Pepe Frank","5X5","DIGITAL"
"7509841213721","Pepe Frank","Don Memorio Platicón","DIGITAL"
"7509841213745","Pepe Frank","Arcoiris de Crayón","ACTIVO"
"7509841272469","Pepe Ontiveros","Me Respeto Como Mujer (feat. Fernanda Castillo) - Single","DIGITAL"
"7509841215909","Pepe Ontiveros","Regrésame Los Sueños","DIGITAL"
"7509841214247","Pepe Ontiveros","Rápido y Sin Prisa","DIGITAL"
"7509841213752","Pilaseca","Afrodisiaco","ACTIVO"
"7509841440394","Plastiko","Amancer Fantastik","DIGITAL"
"7509841270885","Pozter","Pozter","DIGITAL"
"7509841211659","Pro Musica del Rosario","Le Canta a los Niños del Mundo","ACTIVO"
"7509841440721","Profeción Alterna","De Milagro","ACTIVO"
"7509841216050","Pulso","Pulso","ACTIVO"
"7509841271912","Pulso","Hoy Estoy Aquí - Single","DIGITAL"
"7509841216050","Pulso","Pulso","DIGITAL"
"705105025902","Qué Payasos","Se Pintan Solos","ACTIVO"
"7503002699997","Qué Payasos","¿Quién Dijo Que los Payasos Son Sólo Para Niños?","ACTIVO"
"7509841215183","Qué Payasos","De Todo Corazón","ACTIVO"
"7509841215237","Raúl Ornelas & Lazcano Malo","Un Par de Granujas","DIGITAL"
"7509841216951","Rafael Mendoza","Mil Años Después","ACTIVO"
"7509841215947","Ragazzi","20 Años","ACTIVO"
"7509841272483","Ramón Gutiérrez Hernández (Son De Madera)","La Guitarra de Son","DIGITAL"
"7509841215633","Rastrillos","Luces","ACTIVO"
"7509841210201","Raul Garcia","Guitarra Peruana","ACTIVO"
"7509841211093","Real de Catorce","Real de Catorce","ACTIVO"
"7509841211093","Real de Catorce","Tiempo Obscuros","ACTIVO"
"7509841211116","Real de Catorce","Mis Amigos Muertos","ACTIVO"
"7509841211215","Real de Catorce","Voces Interiores","ACTIVO"
"7509841274180","Real de Catorce","Nación Blues","DIGITAL"
"7509841280204","Real de Catorce","Azul","ACTIVO"
"7509841211703","Real de Catorce","Al Rojo (En Vivo)","ACTIVO"
"7509841211697","Real de Catorce","Azul (En Vivo)","ACTIVO"
"7509841212359","Real de Catorce","Voy a Morir","ACTIVO"
"7509841212076","Real de Catorce","Nueve","ACTIVO"
"7509841211789","Real de Catorce","Contraley","ACTIVO"
"7509841211802","Real de Catorce","Cicatrices","ACTIVO"
"7509841315203","Real de Catorce","Recopilación (Canciones Emblemáticas Seleccionadas por El Autor José Cruz) (2CDs)","ACTIVO"
"7509841550017","Real de Catorce","De Cierto Azul (DVD)","ACTIVO"
"7509841550093","Regina Orozco","Rosa Mexicano (CD+DVD)","ACTIVO"
"7509841314909","Regina Orozco","La Amorosa","ACTIVO"
"7509841214780","Regina Orozco","Regina a Go Go - Más Bonita Que Ni Una","ACTIVO"
"7509841314916","Regina Orozco","Regina Catrina","ACTIVO"
"7509841212441","Regina Orozco","La Mega Bizcocho","ACTIVO"
"7509841316750","Regina Orozco","Canciones Pa'Lavar Trastes","ACTIVO"
"7509841314798","Regina Orozco","Canciones P'Agarrar... El Alma","ACTIVO"
"7509841272575","Rejegos","Si Me Dejas...","DIGITAL"
"7509841212069","René Villanueva","Música, Cantos y Danzas de Panamá","ACTIVO"
"7509841211956","René Villanueva","Música de Bolivia (Grabaciones de Campo)","ACTIVO"
"7509841211918","René Villanueva","Música y Cantos del Perú","DIGITAL"
"7509841273190","Ricardo Larrea","Por El Planeta - Palau (El último Paraíso)","DIGITAL"
"7509841273336","Ricardo Larrea","Por El Planeta - Revillagigedo (La Expedición)","DIGITAL"
"7509841273411","Ricardo Larrea","Por El Planeta - La Huella del Jaguar","DIGITAL"
"7509841273497","Ricardo Larrea","Por El Planeta - Las Venas de La Tierra","DIGITAL"
"7509841273770","Ricardo Larrea","Por El Planeta - Tiburones Encuentros Cercanos","DIGITAL"
"7509841273787","Ricardo Larrea","Por El Planeta - El último Edén de África","DIGITAL"
"7509841272704","Ricardo Larrea","Por El Planeta - 17 Días en El Fin del Mundo","DIGITAL"
"7509841272711","Ricardo Larrea","Por El Planeta - El Gran Pez","DIGITAL"
"7509841272728","Ricardo Larrea","Por El Planeta - El Señor de Guadalupe (El Gran Tiburón Blanco)","DIGITAL"
"7509841273053","Ricardo Larrea","Por El Planeta - Amazonas (La Selva Encantada)","DIGITAL"
"7509841273046","Ricardo Larrea","Por El Planeta - El Eco de Las Sirenas","DIGITAL"
"7509841272742","Ricardo Larrea","Por El Planeta - Los Unicornios del Mar","DIGITAL"
"7509841272735","Ricardo Larrea","Por El Planeta - Patagonia Salvaje","DIGITAL"
"7509841273701","Riesgo de Contagio","Candy - EP","DIGITAL"
"7509841274012","Riesgo de Contagio","La Dama Maligna - EP","DIGITAL"
"7509841274050","Ritmo Bonobo","Acabamos de Llegar","DIGITAL"
"7509841272582","Robersonic","Cosmophonic","DIGITAL"
"7509841314886","Roberto González","Por Ahora","ACTIVO"
"7509841214834","Rodrigo Arizpe","11:11","ACTIVO"
"7509841273176","Rodrigo Rojas","La Sed - Single","DIGITAL"
"7509841273237","Rodrigo Rojas","El Dolor - Single","DIGITAL"
"7509841273121","Rodrigo Rojas","Amor Adentro - Single","DIGITAL"
"7509841316217","Rodrigo Rojas","Amor Adentro","ACTIVO"
"7509841270274","Rodrigo Rojas","Los Cuentos, La Vida Moderna Y Tú","DIGITAL"
"7509841214179","Rodrigo Rojas","La Danza del Deseo","ACTIVO"
"7509841915670","Rostros Ocultos","25 Aniversario (CD+DVD)","ACTIVO"
"7509841317030","Rostros Ocultos","Monstruos","ACTIVO"
"7509841214339","Rostros Ocultos","Once : Once","ACTIVO"
"7509841270960","Rosy Arango","Rosa Mexicana","DIGITAL"
"7509841270953","Rosy Arango","La Hija de Villa... y Sus Dorados (feat. Grupo Zacatecas)","DIGITAL"
"7509841270946","Rosy Arango","Orgullosa De Ser Mexicana","DIGITAL"
"7509841274197","Rosy Arango","Mi Nombre Es México - Single","DIGITAL"
"7509841211482","Rubén Schwartzman","Lo Mejor de Chava Flores Vol. I","DIGITAL"
"7509841211499","Rubén Schwartzman","Lo Mejor de Chava Flores Vol. II","DIGITAL"
"7509841272933","Salvador Aviña","Hotel Soledad","DIGITAL"
"7509841271356","Salvador Aviña","Laberinto","DIGITAL"
"7509841271363","Salvador Aviña","Rabiozo","DIGITAL"
"7509841315913","Samuel Cedillo","Monólogos I-V","ACTIVO"
"7509841270243","San Pascualito Rey","Ahora Vuelvo - EP","DIGITAL"
"7509841212533","San Pascualito Rey","Sufro Sufro Sufro","ACTIVO"
"7509841211741","Sanampay","En Esta Hora...","DIGITAL"
"7509841830201","Sanampay","Yo Te Nombro","DIGITAL"
"7509841550031","Santa Sabina","XV Aniversario en Vivo (2CD+DVD)","ACTIVO"
"7509841212564","Santa Sabina","Mar Adentro en la Sangre","DIGITAL"
"7509841212403","Santa Sabina","Espiral","DIGITAL"
"7509841212939","Sara Valenzuela","Lado Este","ACTIVO"
"7509841271066","SartoriuS","+ Idea","DIGITAL"
"7509841270540","Serpientes de Acero","Sucio y Rudo","DIGITAL"
"7509841216180","Sho Trio","Ser","ACTIVO"
"7509841440172","Siconauta","Duele","ACTIVO"
"7509841270816","Sigfish","Sigfish - EP","DIGITAL"
"7509841210157","Silvio Rodríguez - Pablo Milanes","Silvio Rodríguez - Pablo Milanés","ACTIVO"
"7509841271530","Slalom","Posición Adelantada","DIGITAL"
"7509841271523","Slalom","Negro","DIGITAL"
"7509841270120","Sociedad Café","Emergiendo","DIGITAL"
"7509841270137","Sociedad Café","Varrio Vida II","DIGITAL"
"7509841212632","Sociedad Café","Firmex Tiempos","DIGITAL"
"7509841212656","Sociedad Café","Firmex","DIGITAL"
"7509841214995","Sofía","Parlez-moi d'amour","ACTIVO"
"7509841273756","Son de Aquí","De Aquí Son","DIGITAL"
"7509841316446","Son de Madera","Caribe Mar Sincopado","DIGITAL"
"7509841272490","Son de Madera","Concierto en Vivo, Glatt & Verkehrt - Viena, Austria","DIGITAL"
"7509841214391","Son la Fábula","Tal Y Como Son (Sones Jarochos)","ACTIVO"
"7509841314817","Son la Fábula & Marcela Romero","Historias de Altares (2CDs)","ACTIVO"
"7509841212243","Sotavento","Flor y Grana","ACTIVO"
"7509841270977","Soundblazter","El Plan Alborada","DIGITAL"
"7509841270397","Sr. González","La Vida Es el Viaje","DIGITAL"
"7509841270380","Sr. González","El Señor González y los Cuates de la Chamba","DIGITAL"
"7509841270403","Sr. González","Rompecabezas","DIGITAL"
"7509841214759","Sr. González","Un Mundo Fragil (feat. Los Cuates de la Chamba)","ACTIVO"
"7509841216395","Sr. González","Superviviente de Mi","ACTIVO"
"7509841213462","Sr. González","Retrato Hablado - Canciones Pop 88/07, Vol. 1","ACTIVO"
"7509841272391","Sr. González, Myrna de La Garza & Héctor J. Fierro","Así Suena MdMar","DIGITAL"
"7509841270533","Stahl Metal","Metal De Acero","DIGITAL"
"7509841440769","Stahl Metal","Homicida","DIGITAL"
"7509841273299","Stephanie Salas","Tuna","DIGITAL"
"7509841215268","Stephanie Salas","Soy Lo Que Soy","ACTIVO"
"7509841440882","Stereopolar","De Siete Actores Y Reflectores","ACTIVO"
"7509841440585","Stereopolar","Espacios Paralelos","ACTIVO"
"7509841314602","Steven Brown","El Informe Toledo","ACTIVO"
"7509841271547","SUB","No Desaparecer","DIGITAL"
"7509841271844","Sumi Cohen","Momentos","DIGITAL"
"7509841270748","Sumi Cohen","Sumi Cohen","DIGITAL"
"7509841214568","Susana San José","El Asfalto Es Piel","ACTIVO"
"7509841213929","Tehua","La Canción Se Hace Historia","ACTIVO"
"7509836212333","Tehua","En Tu Estuche de Recuerdos","ACTIVO"
"7509841270915","Terceto Cuicacalli","Kuikayotl Ixachitlan - Música de América","DIGITAL"
"7509841210812","Terceto de Guitarras de la Ciudad de Mexico","Terceto de Guitarras de la Ciudad de Mexico","DIGITAL"
"7509841214087","Terceto de Guitarras de la Ciudad de Mexico","Querencia","ACTIVO"
"7509841315333","Tere Estrada","Compositoras de México","ACTIVO"
"7509841270786","The Magical Poetic","Hey Hey","DIGITAL"
"7509841216920","The Refrescos","Sal y Sol","ACTIVO"
"7509841213448","Three Mother Funkers","Porn","ACTIVO"
"7509841214049","Tiaré Scanda","Con la P en la Frente","ACTIVO"
"7509841440646","Tierra de Fuego","Para Quebrar La Soledad","ACTIVO"
"7509841270922","Tlalok Guerrero","Saa Guendaxheela","DIGITAL"
"7509841270151","Tonny Dog","Play","DIGITAL"
"7509841272896","Toño Lira y El Muro","El Pescador - Single","DIGITAL"
"7509841272926","Toño Lira y El Muro","La Piedra - Single","DIGITAL"
"7509841272971","Toño Lira y El Muro","Medio Borracho - Single","DIGITAL"
"7509841272988","Toño Lira y El Muro","No Me Canso de Vivir - Single","DIGITAL"
"7509841272995","Toño Lira y El Muro","Chicago Blues - Single","DIGITAL"
"7509841273008","Toño Lira y El Muro","Desde Que Te Fuiste - Single","DIGITAL"
"7509841273145","Toño Lira y El Muro","Toño Lira y El Muro","DIGITAL"
"7509841440684","Toshee","Bendizion","DIGITAL"
"7509841212434","Tres Tristes Tigres","Tres Tristes Tigres","ACTIVO"
"7509841213349","Tres Tristes Tigres","Caballo de Trova","ACTIVO"
"7509841273800","Umberto Veloz","Bésame Mucho (Demo Version por Landó) - Single","DIGITAL"
"7509841272285","Umberto Veloz","Oye Corazón - Single","DIGITAL"
"7509841273794","Umberto Veloz","Folksion","DIGITAL"
"7509841216418","Vachamata","El Nahual","ACTIVO"
"7509841271554","Valentin y Los Volcanes","Play al Viejo Walkman Blanco","DIGITAL"
"7509841271738","Valentín y Los Volcanes","Todos Los Sábados Del Mundo","DIGITAL"
"7509841217248","Varios Artistas","Serie Etno - Recopilación 1","ACTIVO"
"7509841217286","Varios Artistas","Serie Etno - Recopilación 2","ACTIVO"
"7509841210980","Various Artists","Amor - Grandes de la Nueva Canción","ACTIVO"
"7509841212472","Various Artists","Reflejos Acústicos","ACTIVO"
"7509841312032","Various Artists","Reunion Cantautores","DIGITAL"
"7509841440202","Various Artists","1, 2, 3 Por... la Trova, Vol. II","ACTIVO"
"7509841440271","Various Artists","1, 2, 3 Por... la Trova, Vol. III","ACTIVO"
"7509841440165","Various Artists","1, 2, 3 por... La Trova","ACTIVO"
"7509841550062","Various Artists","1,2,3 por La Trova Antología (3CDs)","ACTIVO"
"7509841916134","Various Artists","Marcial Alejandro: Mis Amigos","DIGITAL"
"7509841271837","Botellita de Jerez - Various Artists","Naco es Chido-La Verdadera Historia de Botellita de Jerez","DIGITAL"
"7509841440219","Various Artists","1, 2, 3 Por... el Rock","ACTIVO"
"7509836213279","Chava Flores","Chava Flores Tributo de Sus Amigos","ACTIVO"
"7509841213431","Various Artists","30 Años de la Nueva Trova Cubana","ACTIVO"
"7509841270502","Various Artists","Alter-Nation","DIGITAL"
"7509841273381","Various Artists","Rompiendo Fronteras","DIGITAL"
"7509841270489","Various Artists","007 Acoplado","DIGITAL"
"7509841270496","Various Artists","Temple of the Kings","DIGITAL"
"7509841270519","Various Artists","Evolución","DIGITAL"
"7509841212502","Various Artists","Hip Hop Hurra, Vol. 1","DIGITAL"
"7509841212519","Various Artists","Hip Hop Hurra, Vol. 2","DIGITAL"
"7509841212878","Various Artists","Hip Hop Hurra, Vol. 3","DIGITAL"
"7509841213035","Various Artists","Hip Hop Hurra, Vol. IV","DIGITAL"
"7509841270052","Various Artists","Rapza 2 - the Best of Mexican Rap","DIGITAL"
"7509841270069","Various Artists","Rapza 3 - the Best of Mexican Rap","DIGITAL"
"7509841270076","Various Artists","Rapza 7 - the Best of Mexican Rap","DIGITAL"
"7509841212588","Various Artists","Rapza 4 - The Best of Mexican Rap","DIGITAL"
"7509841212625","Various Artists","Rapza 5 - The Best of Mexican Rap","DIGITAL"
"7509841212762","Various Artists","Rapza","DIGITAL"
"7509841212885","Various Artists","Rapza 6 : The Best of Mexican Rap","DIGITAL"
"7509841270083","Various Artists","Tribal - Nuestra Alternativa","DIGITAL"
"7509841270090","Various Artists","Tribal 2 - Nuestra Alternativa","DIGITAL"
"7509841212601","Various Artists","Ofrenda a Rockdrigo González, Vol. 1","ACTIVO"
"7509841270168","Various Artists","Nation Hip-Hop Lo Mejor del Rap Argentino","DIGITAL"
"7509841212823","Various Artists","Rap Latino","DIGITAL"
"7509841213653","Various Artists","1, 2, 3 Por...Ellas","ACTIVO"
"7509841214155","Various Artists","TV de Noche: Las Grandes Voces Finalistas 2008","ACTIVO"
"7509841272193","Various Artists","Nueva Vida","DIGITAL"
"7509841271431","Various Artists","Esperanza del Corazón","DIGITAL"
"7509841270441","Various Artists","Eternamente Coda Tributo","DIGITAL"
"7509841272636","Various Artists","Rebela Tu Inconsciente","DIGITAL"
"7509841271028","Various Artists","SS Triple RRR","DIGITAL"
"7509841271011","Various Artists","Aiks Labs 3333.1","DIGITAL"
"7509841216074","Various Artists","Ska Wars Monterrey","ACTIVO"
"7509841273978","Various Artists","Rock Monster Vol. 1","DIGITAL"
"7509841271721","Various Artists","Vía Roca Tenochtitlán, Vol. 1","DIGITAL"
"7509841270359","Various Artists","Rock Mundial","DIGITAL"
"7509841440592","Various Artists","Angeles del Infierno Tributo (Unidos Por El Rock)","DIGITAL"
"7509841315555","Various Artists","Canción Maldita","ACTIVO"
"7509841315937","Verónica Valerio","Viajes de Ida y Vuelta","ACTIVO"
"7509841316613","Verónica Valerio","Canciones de Puertos","ACTIVO"
"7509841271158","Vía Mushgó","Un Día Después de Ayer","DIGITAL"
"7509841271165","Vía Mushgó","Collage Colection: Colección de estrellas para recorrer distancias","DIGITAL"
"7509841440134","Víctimas del Dr. Cerebro","Invencibles","DIGITAL"
"7509841217118","Víctimas del Dr. Cerebro","Tecnopal","ACTIVO"
"7509841270724","Victoria Malawi","Constructivo","DIGITAL"
"7509841315531","Vieja Skina","Ayahuasca","ACTIVO"
"7509841830270","Violeta Parra","Cantos de Chile","DIGITAL"
"7509841211260","Virulo","Virulencia Modulada","ACTIVO"
"7509841550024","Virulo","El Bueno, El Malo y El Cubano (DVD)","ACTIVO"
"7509841216791","Virulo","¡Cuba Sí, Yanquis...¿Qué?!","ACTIVO"
"7509841215831","Virulo","Welcome Colón","ACTIVO"
"7509841213486","Virulo","El Mundo Esta Nuevecito","ACTIVO"
"7509841214001","Virulo","Comes y Te Vas","DIGITAL"
"7509841212847","Virulo","El Bueno, El Malo y El Cubano","ACTIVO"
"7509841212700","Virulo","Chile Habanero","DIGITAL"
"7509841214018","Virulo","El último Que Ríe Es el Que Piensa Más Lento","DIGITAL"
"7509841212397","Virulo","Furioso","ACTIVO"
"7509841211819","Virulo","La Soprano Estreñida","DIGITAL"
"7509841211994","Virulo","Il Medio Castrato","ACTIVO"
"7509841212229","Virulo","Génesis Según Virulo","ACTIVO"
"7509841211512","Virulo","Sexo Luego Existo","ACTIVO"
"7509841217415","Virulo & Ernesto Acher","Juegos Sinfoniquísimos (feat. Orquesta Sinfónica Sinaloa de Las Artes) [En Vivo]","ACTIVO"
"7509841212267","Virulo & Pancho Madrigal","Corridos Pendencieros","DIGITAL"
"7509841270984","Viva Elástico","Viva Elástico","DIGITAL"
"7509841273312","Water","Elektro Blues para El Fin del Mundo","DIGITAL"
"7509841270342","Wicholly Broders","Wicholly Broders","DIGITAL"
"7509841273558","Wicholly Broders","Equinoccial","ACTIVO"
"7509841271080","Wotam","Raza Herida","DIGITAL"
"7509841272384","Yam","Como La Ves (feat. Shaka & Dres) - Single","DIGITAL"
"7509841271349","Yam","Quién Soy - Single","DIGITAL"
"7509841271486","Yam","Bello Recuerdo - Single","DIGITAL"
"7509841271622","Yam","Yam","DIGITAL"
"7509841316101","Yaury Hernández","MFM","ACTIVO"
"7509841273480","Yolanda Castillo","Entre Amigos","DIGITAL"
"7509841270267","Youalli G","Comunícate!","DIGITAL"
"7509841215473","Yucatán A Go Go","Navidad A Go Go","ACTIVO"
"7509841213684","Yucatán A Go Go","Bipolar","ACTIVO"
"7509841212786","Yucatán A Go Go","Canciones Basura","ACTIVO"
"7509841214865","Yucatán A Go Go","Rock Cabezón pa' Salvajitos","ACTIVO"
"7509841211932","Zacamandú","Antiguos Sones Jarochos","ACTIVO"
"7509841316675","Zaira Franco","Tumbalá","DIGITAL"
"7509841214827","Ricardo Rodríguez","Odisea Panamericana","DIGITAL"
"7509841440509","Zanate & Asociados","Stabat Mater","ACTIVO"
"7509841440578","Zanate & Asociados","Soprano y Piano","ACTIVO"
"7509841315692","Zazhil","Son 30 Años de Tradición Y Fusión (2CDs)","ACTIVO"
"7509841213882","Zazhil","Sones de Luna Nueva","ACTIVO"
"7509841214124","Zazhil","Y la Canción...","ACTIVO"
"7509841217095","Zompantli","Raíces","ACTIVO"
"7509841317573","San Pascualito Rey","Todo Nos Trajo hasta Hoy","ACTIVO"
"7509841217538","Mystica Girls","Verónica, La Cortesana del Infierno","ACTIVO"
"7509841317566","Carlos Macías","Mi Música","ACTIVO"
"7509841317542","Alberto Escobar","Antología Breve (2CDs)","ACTIVO"
"7509841317528","Rodrigo Rojas","Arena","ACTIVO"
"7509841317399","Alejandro Escuer","Luz Negra","ACTIVO"
"7509841317627","Juan Carlos Portillo & Mezme","Omeyocan - Caminos y Senderos","ACTIVO"
"7509841550185","Lucy Blues","Somos Hijos del Diablo (2 CDs)","ACTIVO"
"7509841000031","Various Artists","Antología de la Música Electrónica y del Arte del Ruido (4 Vinilos)","ACTIVO"
"7509841212045","Guillermo Briseño","De Tripas Corazón","DIGITAL"
"7509841212052","Guillermo Briseño","Quiero Ser Parte del Cuento","DIGITAL"
"7509841212090","Guillermo Briseño","Romeo y Julieta","DIGITAL"
"7509841274241","Rodrigo Rojas","En Mí (feat. Edgar Oceransky) - Single","DIGITAL"
"7509841274258","Alu","Destino Alterno","DIGITAL"
"7509841274265","Martin Murano","Alma y Piel","DIGITAL"
"7509841274272","Alfonso Alquicira","Dime - Single","DIGITAL"
"7509841274326","Alfonso Alquicira","Pienso en Tí - Single","DIGITAL"
"7509841274289","Pablo Ahmad","Un Poco de Tango y Un Cacho de Todo","DIGITAL"
"7509841274296","Irma Infante","Canta a Chava Flores - Mis Fiestas","DIGITAL"
"7509841274302","Esteban Herrera Trio feat. Iraida Noriega","Transparente","DIGITAL"
"7509841274319","Abu","Black Strain (feat. Honga Man) - Single","DIGITAL"
"7509841274333","Daniel Trovatelli","Cállate y Baila - Single","DIGITAL"
"7509841216654","Cardencheros de Sapioriz","Un Amor Pendiente","ACTIVO"
"7509841274340","David Zepeda","Un Amor Como El Nuestro (La Doble Vida de Estela Carrillo) - Single","DIGITAL"
"7509841274357","Ariadne Díaz","Para Que Tú Me Amaras (La Doble Vida de Estela Carrillo) - Single","DIGITAL"
"7509841010023","Elfmilk","Relocation (Vinil)","ACTIVO"
"7509841910354","Elfmilk","Extragalactic Distance (Vinil)","ACTIVO"
"00001","Clorofila","Ahorita Vengo (Vinil)","ACTIVO"
"7509841317641","Cuca","Semen","ACTIVO"
"7509841274364","Human Drama","Rain on Me - Single","DIGITAL"
"7509841274371","Folksafari","Margarita - Single","DIGITAL"
"7509841274388","Jorge Domínguez","Enamorándome de Ramón (Las Canciones de la Novela)","DIGITAL"
"7509841274395","Alfonso Alquicira","Blindaje al Corazón - Single","DIGITAL"
"7509841317696","Los Patita de Perro","20 Grandes Éxitos","ACTIVO"
"7509841274418","Carlos Macías","Tu Olvido (feat. Victor García) [En Vivo] - Single","DIGITAL"
"7509841274401","Dan García","Visions - EP","DIGITAL"
"7509841317702","Human Drama","Broken Songs for Broken People","ACTIVO"
"7509841274425","Los Brass","Los Brass","DIGITAL"
"7509836211633","Grupo Esto Es México","A Paso Firme...","DIGITAL"
"7509836211428","Grupo Esto Es México","Rumbo al Sol","DIGITAL"
"7509841217675","Aguilera / Rezc","Promesaluz","ACTIVO"
"7509841274449","Los Brass","Brass Street Boys","DIGITAL"
"7509841274432","Dan García","DNA","DIGITAL"
"7509841274456","Carlos Macías","Cuando Me Besas (En Vivo) - Single","DIGITAL"
"7509841317757","Ampersan","10 Años (En Vivo)","DIGITAL"
"7509841274463","Burbujas","Vamos al Circo","DIGITAL"
"7509841274470","Burbujas","Burburock","DIGITAL"
"7509841274487","Burbujas","Canta y Baila con Mimoso Ratón","DIGITAL"
"7509841317719","Ernesto Anaya, María Inés Montilla & Juan Martín Medina","Nadie Puede Parar El Viento  ","ACTIVO"
"7509841274531","Carlos Macías","Te Sigo Queriendo (En Vivo) - Single","DIGITAL"
"7509841274548","Carlos Macías","Quédate Conmigo (En Vivo) - Single","DIGITAL"
"7509841274609","Kimberly Fergie","Abrazando Raíces","DIGITAL"
"7509841274593","Riesgo de Contagio","Riesgo de Contagio","DIGITAL"
"7509841274586","Riesgo de Contagio","Navideño","DIGITAL"
"7509841274579","Riesgo de Contagio","Mi Muñeca","DIGITAL"
"7509841274562","Riesgo de Contagio","En Concierto (En Vivo)","DIGITAL"
"7509841274555","Riesgo de Contagio","De Puro Chocolate","DIGITAL"
"7509841274616","La Fábrica de Tangos","La Fábrica de Tangos","DIGITAL"
"7509841550192","Liran Roll","25 Años de Resistencia (CD+DVD) (En Vivo)","DIGITAL"
"7509841317801","Sattva Jazz Project","Sattva 0101","ACTIVO"
"7509841274623","Burbujas","El Baile de Los Pajaritos - Single","DIGITAL"
"7509841317788","Israel Cupich","La Danza","ACTIVO"
"7509841274630","Burbujas","Las Mañanitas","DIGITAL"
"7509841550208","Carlos Macías","Mi Música (En Vivo) [Deluxe Edition] (2CDs+DVD)","ACTIVO"
"7509841317832","Iraida Noriega & La Groovy Band","Para Luego Es Tarde","ACTIVO"
"7509841274654","Botellita de Jerez","Abuelita... de Quién? - EP","DIGITAL"
"7509841274661","Burbujas","El Tesoro del Saber - Single","DIGITAL"
"7509841274692","Alejandra Robles","Te Busco - Single","DIGITAL"
"7509841274678","Susana San José","Arraigo Domiciliario (EP)","DIGITAL"
"7509841274708","Dan García","Escape - Single","DIGITAL"
"7509841317603","Alfonso André","Mar Rojo","ACTIVO"
"7509841274715","Los Hot Brothers","Homónimo","DIGITAL"
"7509841274722","Shanti Sagar","Stotras: Saraswati/Mahalakshmi/Annapurna","ACTIVO"
"7509841274746","Liran Roll","Libérame - Single","DIGITAL"
"7509841274739","Alexia Marian","Destiny","DIGITAL"
"7509841274753","Liran Roll","A Más de Cien - Single","DIGITAL"
"7509841317849","René Torash","L","ACTIVO"
"7509841274784","Los Korucos","De a 2 Ke 3+10 Caídas sin Límite de Tiempo","DIGITAL"
"7509841274791","Dan García","demons in my mind. - Single","DIGITAL"
"7509841274807","La Barranca","Cuervos - Single","DIGITAL"
"7509841317825","Astrid Hadad","Caprichos","ACTIVO"
"7509841274838","Liran Roll","Malas Noticias - Single","DIGITAL"
"7509841274685","Miguel Inzunza","Al Alcance de Los Peces","DIGITAL"
"7509841274845","Edgar Nequiz","Nómada","DIGITAL"
"7509841274777","Los Discorde","Temporal - Single","DIGITAL"
"7509841274869","Liran Roll","La Depresión - Single","DIGITAL"
"7509841274883","Rodrigo Rojas","Se Van (feat. Pedro Guerra) - Single","DIGITAL"
"7509841274890","Carlos Quintanar","Searching the Colour of Quality (feat. Elvira Barbachano) - Single)","DIGITAL"
"7509841274906","Ainhoa","Dices - Single","DIGITAL"
"7509841274913","Ainhoa","Dices (Versión Piano) - Single","DIGITAL"
"7509841274920","Alejandra Ávalos","Te Sigo Queriendo","DIGITAL"
"7509841274937","Alejandra Ávalos","Te Sigo Queriendo (Remixes)","DIGITAL"
"7509841274944","Alejandra Ávalos","De Fuego a Hielo (Remixes)","DIGITAL"
"7509841274951","Las Swing Sisters","Dulce Swing","DIGITAL"
"7509841274968","Betty","...Por Amor","DIGITAL"
"7509841317818","Sergio Robledo Acevedo","El Acordeón Contemporáneo México","ACTIVO"
"7509841440295","Zanate & Asociados","Requiem en Vivo","ACTIVO"
"7509841274975","Macuiles","Macuiles 2007 EP Redit","DIGITAL"
"7509841274982","Los Rude Boys","Justicia para El  País","DIGITAL"
"7509841274999","Dan García","HighLife - EP","DIGITAL"
"7509841275002","Emilio Tabche","Carry Me Home (feat. Sam Domínguez) - Single","DIGITAL"
"7509841217859","Inspector","Páginas en Blanco","ACTIVO"
"7509841275019","Daniel Herrera","Chiqui Chiqui","DIGITAL"
"7509841275026","Daniel Herrera","Los Labios de Mi Mujer","DIGITAL"
"7509841275033","Daniel Herrera","Algo Contigo","DIGITAL"
"7509841275040","Daniel Herrera","Mis Sentimientos","DIGITAL"
"7509841217897","La Barranca","Lo Eterno","ACTIVO"
"7509841275101","Martin Murano","Íntimo - EP","DIGITAL"
"7509841275125","Esteban Herrera Trio","Hogar","DIGITAL"
"7509841275064","República del Funk","Anatomía de La Vida","ACTIVO"
"7509841275071","República del Funk","Cantina Clandestina 2 CD´s","ACTIVO"
"7509841275088","República del Funk","Los Profetas del Funk EP","ACTIVO"
"7509841275095","Segundo Acto","Simplemente Sencillamente","ACTIVO"
"7509841275132","Alfonso Alquicira","Lo Que Nunca Imaginé","DIGITAL"
"7509841275149","Zoé Chamberlain","No Hablemos de Amor - Single","DIGITAL"
"7509841275156","Big Band Jazz de México","Con Sabor a México","DIGITAL"
"7509841275163","Big Band Jazz de México","Big Band Jazz de México and Friends","DIGITAL"
"7509841217880","Liran Roll","Libérame","ACTIVO"
"7509841317900","Johnny Indovina","The Best of Blue Heart Years","ACTIVO"
"7509841275194","Iraida Noriega & Leika Mochán","Cancioncitas","DIGITAL"
"7509841275200","Burbujas","Las Canciones Originales de Los Programas de TV y Radio","DIGITAL"
"7509841275217","Burbujas","Aventura Odisea Burbujas","DIGITAL"
"7509841317870","David Haro","BocArriba","ACTIVO"
"7509841275224","Alejandra Ávalos","Con Amor Eterno - Single","DIGITAL"
"7509841317917","Niwetzika, Anawak & Alejandro Colavita","Caminando a Wirikuta (Wirikuta Haheyaka)","ACTIVO"
"7509841275231","Carlos Macías","Juntando Flores - Single","DIGITAL"
"7509841275248","República del Funk","Rap, Licor y Luces Ambar Es El Plan","ACTIVO"
"7509841275255","Charly Rey","Sé - Single","DIGITAL"
"7509841275262","Burbujas","S.O.S., S.A.","DIGITAL"
"7509841275279","Eduardo Vázquez (feat. Yahal Kab)","Trova","DIGITAL"
"7509841275286","Vanessa Aguilera","Cuando Me Besas - Single","DIGITAL"
"7509841275293","Daniel Trovatelli & Orel","Pasarla Bien - Single","DIGITAL"
"7509841275316","Daniel Trovatelli","Sigue La Frecuencia","DIGITAL"
"7509841275323","Umberto Veloz","Enamorado - Single","DIGITAL"
"7509841275330","Javier Vinasco","¡Carnaval del Diablo! - Single","DIGITAL"
"7509841275309","Kimberly Fergie","Tell Me - Single","DIGITAL"
"7509841275354","Yahal Kab","Dos Estilos, Una Trova","DIGITAL"
"7509841275378","Real de Catorce","Una Razón para Vivir","DIGITAL"
"7509841275361","Ale Costa","Ale Costa","DIGITAL"
"7509841275385","Dan García","Lose My Mind (feat. Nana Mendoza) - Single","DIGITAL"
"7509841000079","La Barranca","Lo Eterno VINIL","ACTIVO"
"7509841275392","Lizy Martínez","Perdón - Single","DIGITAL"
"7509841317924","Rosy Arango","Mi Nombre Es México","ACTIVO"
"7509841317863","Jaramar","Sueños (Un Viaje)","ACTIVO"
"7509841275408","DR. FANATIK","Axis Ater","DIGITAL"
"7509841275415","Miguel Inzunza","De Vez en Cuando (feat. Pavel Nuñez) (Versión Acústica)","DIGITAL"
"7509841275439","Esteban Herrera & Hernán Hecht","Sueños","DIGITAL"
"7509841275446","MR DANGER","Fuera del Tiempo","DIGITAL"
"7509841275453","MR DANGER","Historias Absurdas","DIGITAL"
"7509841275484","Daniel Trovatelli","Contratacando","DIGITAL"
"7509841275491","Daniel Trovatelli","Así Soy","DIGITAL"
"7509841275507","Daniel Trovatelli","Para Mí (House Remix) - Single","DIGITAL"
"7509841275514","Zaira Franco","Nandá (feat. Grupo Yodoquinsi)","DIGITAL"
"7509841275521","Dan García","You Won't Change Me (feat. Noren Luna) - Single","DIGITAL"
"7509841275538","República del Funk","Rap, Licor y Luces Ambar Es El Plan - Single","DIGITAL"
"7509841275545","Human Drama","Cause and Effect","DIGITAL"
"7509841275552","Dan García","Untitled - Single","DIGITAL"
"7509841550215","Alejandra Ávalos","México Majestuoso","DIGITAL"
"7509841275576","Umberto Veloz","Esto Tiene Que Cambiar - Single","DIGITAL"
"7509841317931","Cinema Domingo Orchestra","Optical Sounds","ACTIVO"
"7509841275583","Burbujas","Planeta Burbujas","DIGITAL"
"7509841275569","República del Funk","Deja Vu - Single","DIGITAL"
"7509841275606","Burbujas","Ecoloquito Avatar","DIGITAL"
"7509841275590","Dan García","Unwind by Joe Defeo (Dan García Remix)","DIGITAL"
"7509841275613","Mauricio Sotelo","Envés: Cordófonos & Loops","DIGITAL"
"7509841275620","Dan García","Lie - Single","DIGITAL"
"7509841275637","República del Funk","I Am - Single","DIGITAL"
"7509841317948","Carlos Macías","De Tí o De Nadie","ACTIVO"
"7509841275644","Dan García","Want Me (feat. Shiloh Dynasty) - Single","DIGITAL"
"7509841275682","Daniel Trovatelli & Yoel","Candomambo","DIGITAL"
"7509841275651","Gorrión Serrano","Levantando El Vuelo","DIGITAL"
"7509841275668","Gorrión Serrano","Del Árbol Que No Ha Caído","DIGITAL"
"7509841275675","Gorrión Serrano","Cuando Un Gorrión Deja El Nido","DIGITAL"
"7509841275699","Esferita","Esferita","DIGITAL"
"7509841275705","Daniel Trovatelli","Por Qué No (EP)","DIGITAL"
"7509841217965","Noche Profunda","Una Aproximación del Rock al Bolero","ACTIVO"
"7509841275712","Susana Zabaleta","Desde El Baño (Remasterizado)","DIGITAL"
"7509841275729","Susana Zabaleta","Navidad","DIGITAL"
"7509841275736","Susana Zabaleta","Quiero Sentir Bonito","DIGITAL"
"7509841275743","Susana Zabaleta","Para Darle Cuerda al Mundo (en vivo)","DIGITAL"
"7509841275750","Susana Zabaleta","De la A a la Z","DIGITAL"
"7509841275767","Susana Zabaleta","Quiero Sentir Más Bonito","DIGITAL"
"7509841275774","Susana Zabaleta","Te Busqué","DIGITAL"
"7509841275781","Susana Zabaleta","Amarrados","DIGITAL"
"7509841275798","Susana Zabaleta","La Sensatez y La Cordura","DIGITAL"
"7509841275804","Susana Zabaleta","Como La Sal","DIGITAL"
"7509841317986","Alex Mercado","Convergencias","ACTIVO"
"7509841275811","Combo Movox","Combo Movox (EP)","DIGITAL"
"7509841275828","Alejandra Ávalos","Sólo Un Milagro - Single","DIGITAL"
"7509841275859","Alejandra Robles","Gracias a La Vida - Single","DIGITAL"
"7509841275873","Alejandra Ávalos","Apuesta por Un Amor (Remixes)","DIGITAL"
"7509841275897","Reny Ayala","Tu Olvido - Single","DIGITAL"
"7509841275880","Dan García","Dímelo - Single","DIGITAL"
"7509841275903","Daniel Trovatelli & Ale Costa","Suspiros - Single","DIGITAL"
"7509841275842","Liran Roll","Teatro Metropólitan 2018 (En Vivo)","DIGITAL"
"7509841275910","Reny Ayala","El Charro Negro - Single","DIGITAL"
"7509841275927","Jesús Echevarría","Amor La Dulce Muerte","DIGITAL"
"7509841275972","Vanessa Aguilera","Debut y Despedida - Single","DIGITAL"
"7509841000086","San Pascualito Rey","Sufro, Sufro, Sufro (VINIL) (Doble)","ACTIVO"
"1","Playlist","Al Compas Del Son","DIGITAL"
"7509841276023","República del Funk","Wake Up - Single","DIGITAL"
"7509841276009","Dan García","Loveless Lovestory (EP)","DIGITAL"
"7509841275941","Son para Milo","Encuentro de Música Tradicional Mexicana Vol. 1","DIGITAL"
"7509841275958","Son para Milo","Encuentro de Música Tradicional Mexicana Vol. 2","DIGITAL"
"7509841275965","Son para Milo","Encuentro de Música Tradicional Mexicana Vol. 3","DIGITAL"
"7509841276030","Alumbre","Río - Single","DIGITAL"
"7509841276054","DR. FANATIK","Der Letzte Mann","DIGITAL"
"7509841217897","La Barranca","Astronomía - Single","DIGITAL"
"7509841276092","A Campo Traviesa","Dreaming with The Rain","DIGITAL"
"7509841276085","José Iván","Culpable - Single","DIGITAL"
"7509841276061","Daniel Trovatelli","En El AirE - Single","DIGITAL"
"7509841276078","Eufemia","Esto No Es para Mí - Single","DIGITAL"
"7509841275989","Grupo Yolotecuani","Dices...(Sones y Canciones de Guerrero)","DIGITAL"
"7509841275996","Grupo Yolotecuani","Ecos del Sur - 30 Aniversario (Canto y Fandango de Guerrero)","DIGITAL"
"7509841276108","Betty","Alma Desnuda","DIGITAL"
"7509841276030","Human Drama","Farewell - Single","DIGITAL"
"7509841276146","Liliana Felipe","Liberación Animal 2019","DIGITAL"
"7509841276115","Los Elasticos","EMCO 2018 (En Vivo)","DIGITAL"
"7509841276139","Alejandro Jodorowsky","Zaratustra","DIGITAL"
"7509841276153","Rosy Arango","Como Pájaros en El Aire - Single","DIGITAL"
"7509841276160","Eduardo Vázquez","Te Amaré (feat. Acustik Pop)","DIGITAL"
"7509841276122","Miguel Inzunza","Multiplícate - Single","DIGITAL"
"7509841276177","Groove & Flow","Episodio 1","DIGITAL"
"7509841317993","Jas Devael","Diosidencias","ACTIVO"
"7509841276214","A Campo Traviesa","The Kid on the Mountain","DIGITAL"
"7509841276238","Amaury Gutiérrez","Sesiones en el Estudio: Amaury Gutiérrez","DIGITAL"
"1","Playlist","Esenciales Alejandra Robles","DIGITAL"
"7509841276245","Vanessa Aguilera","Sesiones en el Estudio: Vanessa Aguilera","DIGITAL"
"7509841276351","Alfonso Alquicira","Sigues Siendo Tú","DIGITAL"
"7509841276207","Miguel Inzunza","Wero - Single","DIGITAL"
"7509841276252","Los Molotes","Sesiones en el Estudio: Los Molotes","DIGITAL"
"1","Playlist","Cantautores a la Carta","DIGITAL"
"7509841275835","Sonalli","Sonalli","DIGITAL"
"7509841276375","José Iván","Culpable","DIGITAL"
"7509841276221","Human Drama","Delancey Street 1993","DIGITAL"
"7509841276269","Macuiles","Sesiones en el Estudio: Macuiles","DIGITAL"
"7509841276368","Tres Tristes Tangos","Lares Irregulares","DIGITAL"
"7509841276283","Rosy Arango","Sesiones en el Estudio: Rosy Arango","DIGITAL"
"7509841276405","Los Korucos","Desde El Teatro Metropólitan Los Korucos (En Vivo)","DIGITAL"
"7509841000093","La Barranca","Denzura VINIL","ACTIVO"
"7509841276429","Burbujas","Antena B (Noticiero Pistachón)","DIGITAL"
"7509841276412","Eduardo Vázquez","Qué Lástima (feat. Jaime Flores)","DIGITAL"
"7509841276382","Bernardo Gracia & Fernando Arechiga","Songs for Meditation Vol. 1","DIGITAL"
"7509841276436","Pablo Campos & Daniela Ibañez","Inseparables","DIGITAL"
"7509841276450","Alejandra Robles","Las Joyas de Oaxaca - Single","DIGITAL"
"7509841276443","Atenea Ochoa","Patria Grande","DIGITAL"
"7509841317955","Roberto Limón","Milonga Feroz","ACTIVO"
"7509841276467","Alfonso Alquicira","Quiero Saber - Single","DIGITAL"
"7509841276276","Orquesta Basura","Sesiones en el Estudio: Orquesta Basura","DIGITAL"
"7509841276481","Alumbre","Alumbre","ACTIVO"
"7509841276474","Eufemia","Tu Amor en mi Retrovisor - Single","DIGITAL"
"7509841276504","Alfonso Alquicira","Dicen - Single","DIGITAL"
"7509841276535","El Mastuerzo y Los Jijos del Maiz","El Tecolote Fisgón - Single","DIGITAL"
"7509841276542","Omar Arán Trío","La Música de Francisco Téllez Vol. 1","DIGITAL"
"7509841276559","Omar Arán Trío","La Música de Francisco Téllez Vol. 2","DIGITAL"
"7509841276528","Esteban Herrera & Gisela Romero","Mil Veces Más","DIGITAL"
"7509841276498","Human Drama","One More Time Around The Lake - Single","DIGITAL"
"7509841276573","Rumba San Feroz","Cumbia Ladina - Single","DIGITAL"
"7509841276511","Amaury Gutiérrez","Quédate - Single","DIGITAL"
"7509841276566","Calacas Jazz Band","La Llorona (feat. Iraida Noriega) - Single","DIGITAL"
"7509841276603","Fores Basura","Los Días Particulares (Original Motion Picture Soundtrack)","DIGITAL"
"7509841276580","Rosino Serrano & Orquesta Moderna","Mozambique (feat. Iraida Noriega & Diego Maroto) - Single","DIGITAL"
"7509841276597","Chévere Suave","San Viernes","DIGITAL"
"7509841276610","Los Rude Boys","Decimos Lo Que Otros Callan","DIGITAL"
"7509841276634","Salvador Aviña","Sesiones en el Estudio: Salvador Aviña","DIGITAL"
"7509841276665","Rosino Serrano & Orquesta Moderna","Guapanguito (feat. Gianluca Littera & Alex Mercado) - Single","DIGITAL"
"7509841276672","Son para Milo","Encuentro de Música Tradicional Mexicana Vol. 4","DIGITAL"
"7509841276689","Rumba San Feroz","Danza Sombría","DIGITAL"
"7509841318051","Los Folkloristas","Cantando Raíces","ACTIVO"
"7509841276627","Jas Devael","Sesiones en el Estudio: Jas Devael","DIGITAL"
"7509841318037","3TT (Peña-Félix-Santiago)","3TT","ACTIVO"
"7509841318075","Omara Portuondo & Regina Orozco","Pedazos del Corazón (Homenaje a Álvaro Carrillo y Agustín Lara)","ACTIVO"
"7509841318044","Caña Dulce y Caña Brava","Acentos (Sones Jarochos)","ACTIVO"
"7509841318068","Rosino Serrano & Orquesta Moderna","Orquesta Moderna","ACTIVO"
"7509841276719","Human Drama","King of Kings","DIGITAL"
"7509841276733","Orquesta Basura","Tu Lugar - Single","DIGITAL"
"7509841276726","Betty","Alma en Pena - Single","DIGITAL"
"7509841276795","Jas Devael","Déjame Vivir (feat. Silvia Pantoja)","DIGITAL"
"7509841276788","Cabezas de Cera","Prismática (feat. Adrián Terrazas) - Single","DIGITAL"
"7509841276801","Jas Devael","Ven a Cantar - Single","DIGITAL"
"7509841276740","Umberto Veloz & Omara Portuondo","Un Poco Más - Single","DIGITAL"
"7509841276757","Sofía","Embrujo","DIGITAL"
"7509841276764","Sofía","Cosas del Alma","DIGITAL"
"7509841276771","Sofía","Quiéreme y Verás","DIGITAL"
"7509841276702","3TT (Peña-Félix-Santiago)","Sesiones en el Estudio: 3TT","DIGITAL"
"7509841276832","Edel Juárez & Chinoy","Los Nidos Vacíos / Los Versos Errantes","DIGITAL"
"7509841276849","Edel Juárez & Adrián Gil","Este Palabrear","DIGITAL"
"7509841276863","Edel Juárez & Adrián Gil","Despertar / Si He de Permanecer Despierto - Single","DIGITAL"
"7509841276825","Ojos de Gato","Manouche para el Fin de Los Tiempos","DIGITAL"
"7509841276856","Lazcano Malo","Sesiones en el Estudio: Lazcano Malo","DIGITAL"
"7509841276870","Susana San José","Estado Alfa (feat. Armando Vega-Gil)","DIGITAL"
"7509841318082","Alex Mercado","Tesoros Escondidos","ACTIVO"
"7509841276887","Alejandra Ávalos","Sólo Un Milagro (Remixes)","DIGITAL"
"7509841276818","Carlos Macías","Amarga Navidad - Single","DIGITAL"
"7509841276894","Ernesto Anaya & Salterando Ensamble","Pastorela Mexicana","DIGITAL"
"7509841276900","Ale Costa & Daniel Trovatelli","Tú No Vuelvas - Single","DIGITAL"
"7509841276924","Nacho Méndez","Ángeles y Querubines","DIGITAL"
"7509841276917","Carlos Quintanar","Paraymadera (feat. Yayo Rodríguez) - Single","DIGITAL"
"7509841276931","Alejandra Robles","Tropicalísima","ACTIVO"
"7509841276962","José Iván","Covers 2019","DIGITAL"
"7509841276955","Carlos Macías","Si Tu Te Vas - Single","DIGITAL"
"7509841276979","Betty","Volar - Single","DIGITAL"
"7509841276986","Chava Flores","En Escena","DIGITAL"
"7509841276993","Chava Flores","Como Lo Querías Ver","DIGITAL"
"7509841277006","B. Carmona","Tu No Va a Llegar a Mi Talla","DIGITAL"
"7509841277020","Rosino Serrano","Monday Nights at Seven (Original Motion Picture Soundtrack)","DIGITAL"
"7509841277013","La Barranca","Una Tarde en La Vida - Radio Edit (Noorbac & Caballero Mix)","DIGITAL"
"7509841276948","Fernando Delgadillo","Febrero 13, Vol. 3","DIGITAL"
"7509841277068","Carlos Macías","Huele a Peligro - Single","DIGITAL"
"7509841277075","José José & Alejandra Ávalos","Te Quiero Así - Single","DIGITAL"
"7509841277082","Eduardo Vázquez","Hoy Nuestro Deseo - Single","DIGITAL"
"7509841277099","Fernanda Castro","Corazón Abierto","DIGITAL"
"7509841218108","La Barranca","Nocturno (Remixes por Noorbac)","DIGITAL"
"7509841277037","ONIX","EP 2008","DIGITAL"
"7509841277044","ONIX","EP 2011","DIGITAL"
"7509841277051","ONIX","Vendaval","DIGITAL"
"7509841277105","Camila Sodi","A Quién Le Importa? (Tema de la Telenovela Rubí)","DIGITAL"
"7509841277112","Francisco Barrios El Mastuerzo","Directo desde Barnasants (En Vivo)","DIGITAL"
"7509841277129","Valentina Barrios","Concierto de Cuentos","DIGITAL"
"7509841318136","Carlos Macías","Lástima Que Sean Ajenas (Edición Especial)","ACTIVO"
"7509841318143","Fadi El Saadi","Shahd - Bellydance Vol. 5","DIGITAL"
"7509841277143","Los Músicos de José","Dreams Groove - Single","DIGITAL"
"7509841277150","Monocordio","Sesiones en el Estudio: Monocordio","DIGITAL"
"7509841550239","San Pascualito Rey","Animanecia","ACTIVO"
"7509841277204","Carlos Macías","Quédate en Casa - Single","DIGITAL"
"7509841277167","Sonalli","Sesión desde Radio Educación","DIGITAL"
"7509841277136","Armando Vega-Gil","Cucarachas y Piratas - Single","DIGITAL"
"7509841277181","Susana San José","Esencia (feat. Armando Vega-Gil) - Single","DIGITAL"
"7509841277198","Susana San José","Llama Abrasadora (feat. Armando Vega-Gil) - Single","DIGITAL"
"7509841277266","Botellita de Jerez","Sesiones en el Estudio: Ex Botellita de Jerez","DIGITAL"
"7509841277303","Rumba San Feroz","La Nostalgia - Single","ACTIVO"
"7509841277273","Pasatono","Maroma","DIGITAL"
"7509841277211","Pasatono","Yaa Sii (Música alegre)","DIGITAL"
"7509841277280","Pasatono","Yaa Sa'ma","DIGITAL"
"7509841277228","Pasatono","Tonos de Nube","DIGITAL"
"7509841277297","Pasatono","La Tiricia (Música e historias para curar la tristeza)","DIGITAL"
"7509841277334","Carlos Macías","Nos Quisimos - Single","DIGITAL"
"7509841277310","Alumbre","Mujer de la Tierra - Single","DIGITAL"
"7509841277235","Tayer","La Herencia de los Rodríguez, Vol. 1","DIGITAL"
"7509841277259","Tayer","La Herencia de los Rodríguez, Vol. 2","DIGITAL"
"7509841277242","Tayer","Río Grande, Río Bravo","DIGITAL"
"7509841277365","Citlaly Malpica","Los Besos Que No Te Di","DIGITAL"
"051497114459","POM","Mitote","DIGITAL"
"7509841277327","La Parranda Magna","Mujer Maldad","DIGITAL"
"7509841277389","El Mastuerzo y Los Jijos del Maiz","Suite: Cuando me da la Depre (EP)","DIGITAL"
"7509841277396","Umberto Veloz","Quiero Verte Otra Vez - Single","DIGITAL"
"7509841277419","Carlos Macías","Mi Corazón Encadenado - Single","DIGITAL"
"7509841277372","Human Drama","Into Our Escape - Single","DIGITAL"
"7509841277426","Real de Catorce","XXXVII Aniversario (En Vivo) (EP)","DIGITAL"
"7509841277433","La Barranca","La Resistencia (feat. Banda Sinfónica Municipal de Aguascalientes)","DIGITAL"
"7509841277440","Daniel Herrera & Amigos","Willy Valet desde el más allá","DIGITAL"
"7509841277457","Susana Zabaleta","Aves Enjauladas","DIGITAL"
"7509841277464","Alejandra Ávalos","Hombre de Amor / Amor de Mujer (Remixes)","DIGITAL"
"7509841277471","Marcos Lizama","Canciones para Un Niño Como Tú","DIGITAL"
"7509841277402","Miguel Inzunza","Donde Paraba El Viento","DIGITAL"
"7509841277488","Los Rude Boys","Tiembla La Tierra","DIGITAL"
"7509841277501","Zaira Franco","Soy Arena - Single","DIGITAL"
"7509841277495","Los Músicos de José","Mira mira - Single","DIGITAL"
"7509841277518","Gorrión Serrano","Todo Es Horizonte y Cielo","DIGITAL"
"7509841277525","La Barranca","San Miguel (feat. Banda Sinfónica Municipal de Aguascalientes)","DIGITAL"
"7509841275866","Zilvi Roselli","Vive Hoy","DIGITAL"
"7509841277549","Alejandra Ávalos","Apuesta por un Amor (Remixes Vol. 2)","DIGITAL"
"7509841277556","Edel Juárez & Fran Fernández","Martes CDMX","DIGITAL"
"7509841277570","Carlos Macías","La Mujer de Mis Sueños","DIGITAL"
"7509841277587","El Mastuerzo y Los Jijos del Maiz","Bésame Mucho","DIGITAL"
"7509841277563","Gastón Artigas","Panacea del Sonámbulo","DIGITAL"
"7509841277594","Los Korucos","Fuerza Skatex (En Vivo)","DIGITAL"
"7509841277600","Martín Sobrino","Mariposa - Single","DIGITAL"
"7509841277617","Martín Sobrino","Por Siempre Te Amaré - Single","DIGITAL"
"7509841277624","Big Band Jazz de México","Toda Mi Vida (feat. Martín Murano)","DIGITAL"
"7509841277532","Human Drama","Another Crash - Single","DIGITAL"
"7509841277662","Son de Aquí","Deja El Celular - Single","DIGITAL"
"7509841277631","La Barranca","El Alacrán (feat. Banda Sinfónica Municipal de Aguascalientes)","DIGITAL"
"7509841277655","Los Pinches Chilangos","Los Pinches Chilangos","DIGITAL"
"7509841277709","Alejandra Robles","Volver a Los 17 - Single","DIGITAL"
"7509841277686","Zazhil","Origen (Música Tradicional Mexicana)","DIGITAL"
"7509841277648","Monocordio, Leo Soqui, Amandititita","Después del Fin del Mundo","DIGITAL"
"7509841277679","La Barranca","Fragor (feat. Banda Sinfónica Municipal de Aguascalientes)","DIGITAL"
"7509841918152","Tetraktys Guitar Quartet","Per Suonare a Quattro","DIGITAL"
"7509841277693","Zazhil","Antología 35 Años (1985-2016)","DIGITAL"
"7509841277716","Fratta","Reconstrucción (EP)","DIGITAL"
"7509841277723","Sm9rt","Sm9rt","DIGITAL"
"7509841277730","Alejandra Ávalos & Héctor Gamaliel","México en la Piel (EP)","DIGITAL"
"7509841277747","Alejandra Ávalos","México en la Piel (Single)","DIGITAL"
"7509841277761","Betty","Huellas - Single","DIGITAL"
"7509841277785","Carlos Macías","Como Yo","DIGITAL"
"7509841277792","Liliana Felipe","Liliana 1980","DIGITAL"
"7509841277808","Liliana Felipe","Liliana con la Orquesta de Mujeres 1982","DIGITAL"
"7509841277815","Orquesta Basura","Tu Lugar","DIGITAL"
"7509841277853","Liliana Felipe","Matar o no Matar","DIGITAL"
"7509841277822","Carlos Quintanar & Solzyrio","El Espacio - Single","DIGITAL"
"7509841277839","Martin Murano","Musas (EP)","DIGITAL"
"7509841277846","Baraja","Juan El Guapo - Single","DIGITAL"
"7509841277860","Los Frankys","Los Frankys","DIGITAL"
"7509841277877","Los Frankys","El Terror","DIGITAL"
"7509841277884","Rumba San Feroz","Sonido Feroz Vol. 1","DIGITAL"
"7509841277907","Liliana Felipe","Materia de Pescado","DIGITAL"
"7509841277921","Los Korucos","XV Ñeros: Concierto Animado (En Vivo)","DIGITAL"
"7509841277891","Human Drama","Let The Memories Live Here - Single","DIGITAL"
"7509841277914","Sofía","Sonata en Gris","DIGITAL"
"7509841277945","Alejandra Ávalos & Héctor Gamaliel","Recuérdame - Single","DIGITAL"
